ID,Type,SKU,"GTIN, UPC, EAN, or ISBN",Name,Published,"Is featured?","Visibility in catalog","Short description",Description,"Date sale price starts","Date sale price ends","Tax status","Tax class","In stock?",Stock,"Low stock amount","Backorders allowed?","Sold individually?","Weight (lbs)","Length (in)","Width (in)","Height (in)","Allow customer reviews?","Purchase note","Sale price","Regular price",Categories,Tags,"Shipping class",Images,"Download limit","Download expiry days",Parent,"Grouped products",Upsells,Cross-sells,"External URL","Button text",Position,Brands
2868,simple,,,"Signature Series Pen – Dark Blue with Gold Accents",1,0,visible,,"<strong>Description</strong>\nThe Signature Series Pen is designed for those who appreciate class, precision and refined style. Featuring a rich dark blue body highlighted with elegant gold accents, this pen delivers a premium look that complements professional and executive environments.\nPerfect for corporate gifting, executive stationery, client appreciation and milestone celebrations, the Signature Series Pen offers a smooth writing experience combined with a sophisticated finish. Its balanced design ensures comfort while writing, making it ideal for everyday use as well as special occasions.\nCustomizable with logos, initials or text, this pen becomes more than a writing instrument it becomes a statement of professionalism and prestige.\n\n<strong>Key Features </strong>\n<ul>\n 	<li>Elegant dark blue finish with gold detailing</li>\n 	<li>Premium metallic clip and tip</li>\n 	<li>Smooth, reliable writing performance</li>\n 	<li>Custom branding and personalization available</li>\n 	<li>Ideal for corporate &amp; executive gifting</li>\n</ul>",,,taxable,,1,,,0,0,,,,,0,,,,Pen,,,https://giftingdestiny.com/wp-content/uploads/2026/01/3-2.webp,,,,,,,,,0,
2869,simple,,,"Premium Glossy Finish Metal Ballpoint Pen",1,0,visible,,"The Crystal Elegance Black Pen (Model MP1) is a perfect blend of luxury, style and everyday functionality. Designed with a sleek black grip and a clear crystal-filled barrel embedded with sparkling stones, this pen adds a touch of sophistication to every writing experience.\nIdeal for corporate gifting, promotional branding, executive gifts and special occasions, this pen makes a subtle yet powerful statement. Its smooth writing performance, premium finish and elegant design make it a thoughtful and memorable gift choice.\nWhether used on a desk or presented in a gift set, the Crystal Elegance Pen reflects class, professionalism and attention to detail making it a standout accessory for modern professionals.\n<h3><b>Key Features</b></h3>\n<ul>\n 	<li style=""font-weight: 400;"" aria-level=""1""><span style=""font-weight: 400;"">Premium glossy metal finish</span></li>\n 	<li style=""font-weight: 400;"" aria-level=""1""><span style=""font-weight: 400;"">Smooth and reliable click mechanism</span></li>\n 	<li style=""font-weight: 400;"" aria-level=""1""><span style=""font-weight: 400;"">Durable metal body with elegant design</span></li>\n 	<li style=""font-weight: 400;"" aria-level=""1""><span style=""font-weight: 400;"">Available in multiple color variants</span></li>\n 	<li style=""font-weight: 400;"" aria-level=""1""><span style=""font-weight: 400;"">Custom logo &amp; branding options available</span></li>\n</ul>",,,taxable,,1,,,0,0,,,,,0,,,,Pen,,,"https://giftingdestiny.com/wp-content/uploads/2026/01/3-2.webp, https://giftingdestiny.com/wp-content/uploads/2026/01/6-2.webp, https://giftingdestiny.com/wp-content/uploads/2026/01/2-3.webp, https://giftingdestiny.com/wp-content/uploads/2026/01/3-3.webp, https://giftingdestiny.com/wp-content/uploads/2026/01/4-2.webp, https://giftingdestiny.com/wp-content/uploads/2026/01/5-2.webp, https://giftingdestiny.com/wp-content/uploads/2026/01/6-3.webp",,,,,,,,,0,
2870,simple,,,"Modern Matte Body Pen – KS 1109 Series",1,0,visible,,"The Modern Matte Body Pen – KS 1109 Series is designed for those who appreciate simplicity, comfort and contemporary style. Featuring a smooth matte-finish body with a clean, minimal silhouette, this pen delivers a refined writing experience suitable for both professional and everyday use.\nAvailable in Orange, Black and Green color variants, the KS 1109 Series is ideal for corporate gifting, promotional branding, conferences, employee welcome kits and bulk giveaways. The lightweight build ensures comfortable handling, while the reliable writing mechanism provides smooth, consistent ink flow.\nWith customization options available, this pen becomes an effective branding tool subtle, stylish and practical.\n<h3><b>Key Features</b></h3>\n<ul>\n 	<li style=""font-weight: 400;"" aria-level=""1""><span style=""font-weight: 400;"">Modern matte-finish body</span></li>\n 	<li style=""font-weight: 400;"" aria-level=""1""><span style=""font-weight: 400;"">Sleek and lightweight design</span></li>\n 	<li style=""font-weight: 400;"" aria-level=""1""><span style=""font-weight: 400;"">Smooth and consistent writing performance</span></li>\n 	<li style=""font-weight: 400;"" aria-level=""1""><span style=""font-weight: 400;"">Available in Orange, Black &amp; Green</span></li>\n 	<li style=""font-weight: 400;"" aria-level=""1""><span style=""font-weight: 400;"">Custom logo &amp; branding options</span></li>\n</ul>\n&nbsp;",,,taxable,,1,,,0,0,,,,,0,,,,Pen,,,"https://giftingdestiny.com/wp-content/uploads/2026/01/4-3.webp, https://giftingdestiny.com/wp-content/uploads/2026/01/3-4.webp, https://giftingdestiny.com/wp-content/uploads/2026/01/2-4.webp, https://giftingdestiny.com/wp-content/uploads/2026/01/1-5.webp",,,,,,,,,0,
2871,simple,,,"KS161 Premium Metal Ballpoint Pen",1,0,visible,,"The KS161 Premium Metal Ballpoint Pen is designed to deliver a refined writing experience with a sleek metal body and elegant finish options. Crafted for professionals who value sophistication and reliability, this pen combines modern aesthetics with smooth, consistent performance.\nAvailable in Matte Black with Black Clip, Matte Black with Gold Clip and Satin Gold with Gold Clip, the KS161 series is ideal for corporate gifting, executive stationery, client appreciation and premium promotional use. Its balanced weight ensures comfortable writing, while the polished detailing adds a touch of luxury to everyday tasks.\nCustom branding and logo personalization options make this pen a perfect choice for companies seeking impactful and stylish gifting solutions.\n<h3><b>Key Features</b></h3>\n<ul>\n 	<li style=""font-weight: 400;"" aria-level=""1""><span style=""font-weight: 400;"">Premium metal body with elegant finishes</span><span style=""font-weight: 400;"">\n</span></li>\n 	<li style=""font-weight: 400;"" aria-level=""1""><span style=""font-weight: 400;"">Available in Matte Black &amp; Satin Gold variants</span><span style=""font-weight: 400;"">\n</span></li>\n 	<li style=""font-weight: 400;"" aria-level=""1""><span style=""font-weight: 400;"">Smooth ballpoint writing performance</span><span style=""font-weight: 400;"">\n</span></li>\n 	<li style=""font-weight: 400;"" aria-level=""1""><span style=""font-weight: 400;"">Durable construction with executive appeal</span><span style=""font-weight: 400;"">\n</span></li>\n 	<li style=""font-weight: 400;"" aria-level=""1""><span style=""font-weight: 400;"">Custom logo &amp; branding options available</span></li>\n</ul>",,,taxable,,1,,,0,0,,,,,0,,,,Pen,,,"https://giftingdestiny.com/wp-content/uploads/2026/01/1-1-1.webp, https://giftingdestiny.com/wp-content/uploads/2026/01/6-2-1-1.webp",,,,,,,,,0,
2872,simple,,,"Stylish Metallic Retractable Pen – Model 1382",1,0,visible,,"The Stylish Metallic Retractable Pen – Model 1382 is designed to offer a perfect balance of modern style, durability and smooth performance. Featuring a refined metallic body with a convenient retractable click mechanism, this pen delivers effortless writing with a premium feel.\nAvailable in a wide range of elegant finishes Black, Black &amp; Gold, Gold, Gray, Green and Rose Gold this pen suits diverse tastes and branding needs. Ideal for corporate gifting, promotional campaigns, executive stationery, conferences and bulk giveaways, it makes a strong yet subtle statement of professionalism.\nCustom logo branding options transform this pen into an effective everyday brand ambassador functional, stylish and memorable.\n<h3><b>Key Features</b></h3>\n<ul>\n 	<li style=""font-weight: 400;"" aria-level=""1""><span style=""font-weight: 400;"">Premium metallic body with sleek finish</span><span style=""font-weight: 400;"">\n</span></li>\n 	<li style=""font-weight: 400;"" aria-level=""1""><span style=""font-weight: 400;"">Smooth retractable click mechanism</span><span style=""font-weight: 400;"">\n</span></li>\n 	<li style=""font-weight: 400;"" aria-level=""1""><span style=""font-weight: 400;"">Balanced design for comfortable writing</span><span style=""font-weight: 400;"">\n</span></li>\n 	<li style=""font-weight: 400;"" aria-level=""1""><span style=""font-weight: 400;"">Available in multiple elegant color variants</span><span style=""font-weight: 400;"">\n</span></li>\n 	<li style=""font-weight: 400;"" aria-level=""1""><span style=""font-weight: 400;"">Custom logo &amp; branding options available</span></li>\n</ul>\n&nbsp;",,,taxable,,1,,,0,0,,,,,0,,,,Pen,,,"https://giftingdestiny.com/wp-content/uploads/2026/01/image.webp, https://giftingdestiny.com/wp-content/uploads/2026/01/image-1.webp, https://giftingdestiny.com/wp-content/uploads/2026/01/image-2.webp",,,,,,,,,0,
2873,simple,,,"KS 1105 Gold Ball Pen – Elegant Matte Finish with Smooth Clip Mechanism",1,0,visible,,"Add a touch of sophistication to your everyday writing with the KS 1105 Gold Ball Pen, designed for those who appreciate elegance and performance. Featuring a sleek matte metallic finish in Gold and Rose Gold tones, this pen offers a refined look that stands out effortlessly.\nThe pen is equipped with a smooth clip mechanism for easy pocket or notebook attachment, making it both stylish and practical. Its slim, well-balanced body ensures a comfortable grip and seamless writing experience, ideal for long writing sessions.\nPerfect for corporate gifting, executive use, promotional giveaways or personal stationery, the KS 1105 ball pen reflects professionalism and class in every stroke.\n\n<b>Key Features</b>\n<ul>\n 	<li style=""font-weight: 400;"" aria-level=""1""><span style=""font-weight: 400;"">Premium matte metallic finish (Gold / Rose Gold)</span><span style=""font-weight: 400;"">\n</span></li>\n 	<li style=""font-weight: 400;"" aria-level=""1""><span style=""font-weight: 400;"">Smooth and durable clip mechanism</span><span style=""font-weight: 400;"">\n</span></li>\n 	<li style=""font-weight: 400;"" aria-level=""1""><span style=""font-weight: 400;"">Comfortable grip with a slim, elegant design</span><span style=""font-weight: 400;"">\n</span></li>\n 	<li style=""font-weight: 400;"" aria-level=""1""><span style=""font-weight: 400;"">Reliable ball-point for consistent ink flow</span><span style=""font-weight: 400;"">\n</span></li>\n 	<li style=""font-weight: 400;"" aria-level=""1""><span style=""font-weight: 400;"">Ideal for corporate gifts, branding &amp; everyday use</span></li>\n</ul>",,,taxable,,1,,,0,0,,,,,0,,,,Pen,,,https://giftingdestiny.com/wp-content/uploads/2026/01/7-2.webp,,,,,,,,,0,
2874,simple,,,"Stylish Multicolor Ball Pen – Premium Matte Finish with Sleek Clip Design",1,0,visible,,"Upgrade your writing essentials with the KS 131 Stylish Multicolor Matte Finish Ball Pen, crafted for modern professionals and everyday users alike. Designed with a smooth matte body and elegant metallic accents, this pen delivers both style and comfort in one refined package.\nAvailable in attractive shades such as Black, Black &amp; Grey, Blue, Brown and Light Brown, the KS 131 pen is perfect for personal use, office stationery, promotional branding and corporate gifting. Its slim, lightweight design ensures a comfortable grip, while the durable clip mechanism allows easy attachment to pockets, files or notebooks.\nEngineered for consistent ink flow and smooth writing, this ball pen makes every note, signature and idea effortless and professional.\n\n<b>Key Features</b>\n<ul>\n 	<li style=""font-weight: 400;"" aria-level=""1""><span style=""font-weight: 400;"">Premium matte finish body in multiple color options</span><span style=""font-weight: 400;"">\n</span></li>\n 	<li style=""font-weight: 400;"" aria-level=""1""><span style=""font-weight: 400;"">Sleek and sturdy clip mechanism</span><span style=""font-weight: 400;"">\n</span></li>\n 	<li style=""font-weight: 400;"" aria-level=""1""><span style=""font-weight: 400;"">Comfortable grip with a balanced, slim design</span><span style=""font-weight: 400;"">\n</span></li>\n 	<li style=""font-weight: 400;"" aria-level=""1""><span style=""font-weight: 400;"">Smooth ball-point tip for clean, uninterrupted writing</span><span style=""font-weight: 400;"">\n</span></li>\n 	<li style=""font-weight: 400;"" aria-level=""1""><span style=""font-weight: 400;"">Ideal for corporate gifting, promotions &amp; daily office use</span></li>\n</ul>",,,taxable,,1,,,0,0,,,,,0,,,,Pen,,,"https://giftingdestiny.com/wp-content/uploads/2026/01/6-4.webp, https://giftingdestiny.com/wp-content/uploads/2026/01/5-4.webp, https://giftingdestiny.com/wp-content/uploads/2026/01/4-4.webp, https://giftingdestiny.com/wp-content/uploads/2026/01/3-6.webp, https://giftingdestiny.com/wp-content/uploads/2026/01/1-7.webp, https://giftingdestiny.com/wp-content/uploads/2026/01/2-6.webp",,,,,,,,,0,
2875,simple,,,"Elegant Glitter Ball Pen with Gold Foil Accents",1,0,visible,"<b>Key Features</b>\n<ul>\n 	<li style=""font-weight: 400;"" aria-level=""1""><span style=""font-weight: 400;"">Transparent barrel with luxurious gold foil glitter</span><span style=""font-weight: 400;"">\n</span></li>\n 	<li style=""font-weight: 400;"" aria-level=""1""><span style=""font-weight: 400;"">Rich color options: Brown, Green, Ink Blue &amp; Maroon</span><span style=""font-weight: 400;"">\n</span></li>\n 	<li style=""font-weight: 400;"" aria-level=""1""><span style=""font-weight: 400;"">Premium gold-finish clip and tip</span><span style=""font-weight: 400;"">\n</span></li>\n 	<li style=""font-weight: 400;"" aria-level=""1""><span style=""font-weight: 400;"">Smooth-flow ballpoint for effortless writing</span><span style=""font-weight: 400;"">\n</span></li>\n 	<li style=""font-weight: 400;"" aria-level=""1""><span style=""font-weight: 400;"">Ideal for corporate gifts, celebrations &amp; premium giveaways</span></li>\n</ul>","Make a statement with the Elegant Glitter Ball Pen with Gold Foil, a perfect fusion of luxury, creativity and functionality. Designed with a transparent upper barrel filled with shimmering gold foil flakes, this pen adds a touch of glamour to everyday writing.\nThe sleek lower body comes in rich, sophisticated shades of Brown, Green, Ink Blue and Maroon, complemented by gold-toned tip and clip detailing for a premium finish. Lightweight yet durable, this pen offers a comfortable grip and smooth ballpoint writing experience, making it ideal for both daily use and special occasions.\nPerfect for corporate gifting, festive hampers, return gifts, event giveaways and personal stationery collections, this glitter pen reflects elegance and thoughtful design.",,,taxable,,1,,,0,0,,,,,1,,,,Pen,,,"https://giftingdestiny.com/wp-content/uploads/2026/01/prodact-card-8-948x1024-1.webp, https://giftingdestiny.com/wp-content/uploads/2026/01/prodact-card-8-948x1024-1-1.webp",,,,,,,,,0,
2876,simple,,,"Executive Ball Pen – Rose Gold Cap with Glossy Black Finish for Premium Gifting",1,0,visible,,"Elevate your writing experience with the KS 1112 Executive Ball Pen, a refined blend of luxury, professionalism and performance. Designed for those who appreciate elegant stationery, this pen features a sleek glossy black barrel accented with a sophisticated rose gold cap, clip and trim, creating a striking executive look.\nThe smooth cylindrical design ensures a comfortable grip, while the high-quality ballpoint refill delivers effortless, consistent ink flow for everyday writing. Whether used in the office or presented as a gift, this pen reflects confidence and class.\nIdeal for corporate gifting, executive kits, promotional giveaways, awards, conferences and festive occasions, the KS 1112 pen is a timeless writing instrument that leaves a lasting impression.\n\n<b>Key Features</b>\n<ul>\n 	<li style=""font-weight: 400;"" aria-level=""1""><span style=""font-weight: 400;"">Premium glossy black body with rose gold cap</span><span style=""font-weight: 400;"">\n</span></li>\n 	<li style=""font-weight: 400;"" aria-level=""1""><span style=""font-weight: 400;"">Elegant gold-tone accents and clip</span><span style=""font-weight: 400;"">\n</span></li>\n 	<li style=""font-weight: 400;"" aria-level=""1""><span style=""font-weight: 400;"">Smooth-flow ballpoint for neat, effortless writing</span><span style=""font-weight: 400;"">\n</span></li>\n 	<li style=""font-weight: 400;"" aria-level=""1""><span style=""font-weight: 400;"">Durable build with executive styling</span><span style=""font-weight: 400;"">\n</span></li>\n 	<li style=""font-weight: 400;"" aria-level=""1""><span style=""font-weight: 400;"">Perfect for corporate gifts &amp; premium stationery collections</span></li>\n</ul>",,,taxable,,1,,,0,0,,,,,0,,,,Pen,,,https://giftingdestiny.com/wp-content/uploads/2026/01/12.webp,,,,,,,,,0,
2877,simple,,,"Silver Executive Ballpoint Pen – Sleek Matte Finish for Professional Gifting",1,0,visible,,"The KS 1105 Silver Executive Ballpoint Pen is designed for professionals who value elegance, simplicity and performance. Featuring a sleek silver matte finish, this pen delivers a refined executive look that complements any workspace or corporate setting.\nCrafted with a smooth cylindrical metal body, the pen offers a balanced grip and comfortable writing experience. The stylish clip mechanism ensures easy pocket or notebook attachment, while the premium ballpoint refill provides smooth, consistent ink flow for everyday use.\nIdeal for corporate gifting, office stationery, promotional branding, conferences, awards and executive gift sets, the KS 1105 Silver Pen is a timeless writing instrument that reflects professionalism and quality.\n\n<b>Key Features</b>\n<ul>\n 	<li style=""font-weight: 400;"" aria-level=""1""><span style=""font-weight: 400;"">Elegant silver matte finish</span><span style=""font-weight: 400;"">\n</span></li>\n 	<li style=""font-weight: 400;"" aria-level=""1""><span style=""font-weight: 400;"">Durable metal body construction</span><span style=""font-weight: 400;"">\n</span></li>\n 	<li style=""font-weight: 400;"" aria-level=""1""><span style=""font-weight: 400;"">Smooth-flow ballpoint for effortless writing</span><span style=""font-weight: 400;"">\n</span></li>\n 	<li style=""font-weight: 400;"" aria-level=""1""><span style=""font-weight: 400;"">Secure and stylish clip mechanism</span><span style=""font-weight: 400;"">\n</span></li>\n 	<li style=""font-weight: 400;"" aria-level=""1""><span style=""font-weight: 400;"">Perfect for corporate gifts &amp; executive use</span></li>\n</ul>\n&nbsp;",,,taxable,,1,,,0,0,,,,,0,,,,Pen,,,https://giftingdestiny.com/wp-content/uploads/2026/01/prodact-card-8-948x1024-1-1-1.webp,,,,,,,,,0,
2878,simple,,,"Premium Pen – Glossy Grey Body with Elegant Rose Gold Clip",1,0,visible,,"The KS1114 Premium Pen is a refined writing instrument designed to leave a lasting impression. Featuring a sleek glossy grey metal body accented with a rose gold clip and center ring, this pen perfectly blends modern sophistication with executive charm.\nIts smooth cylindrical design ensures a comfortable grip, while the premium ballpoint refill delivers effortless, consistent writing performance. The polished finish and balanced weight make it ideal for daily professional use as well as special gifting occasions.\nPerfectly suited for corporate gifting, executive giveaways, brand promotions, award kits, conferences and personalized gifts, the KS1114 Premium Pen reflects style, quality and attention to detail.\n\n<b>Key Features</b>\n<ul>\n 	<li style=""font-weight: 400;"" aria-level=""1""><span style=""font-weight: 400;"">Glossy grey metal finish for a premium look</span><span style=""font-weight: 400;"">\n</span></li>\n 	<li style=""font-weight: 400;"" aria-level=""1""><span style=""font-weight: 400;"">Elegant rose gold clip &amp; accent ring</span><span style=""font-weight: 400;"">\n</span></li>\n 	<li style=""font-weight: 400;"" aria-level=""1""><span style=""font-weight: 400;"">Durable, well-balanced metal body</span><span style=""font-weight: 400;"">\n</span></li>\n 	<li style=""font-weight: 400;"" aria-level=""1""><span style=""font-weight: 400;"">Smooth-flow ballpoint ink for effortless writing</span><span style=""font-weight: 400;"">\n</span></li>\n 	<li style=""font-weight: 400;"" aria-level=""1""><span style=""font-weight: 400;"">Ideal for corporate, executive &amp; customized gifting</span></li>\n</ul>",,,taxable,,1,,,0,0,,,,,0,,,,Pen,,,https://giftingdestiny.com/wp-content/uploads/2026/01/prodact-card-8-948x1024-1-2.webp,,,,,,,,,0,
2879,simple,,,"Red Body Ball Pen with Shree Ram Symbol Cap",1,0,visible,,"The Red Body Ball Pen with Shree Ram Symbol Cap is a beautiful fusion of devotion, elegance and functionality. Designed with a rich red metallic body and enhanced by gold-tone accents, this pen features a transparent cap insert displaying the sacred “Shree Ram” symbol, making it a meaningful spiritual accessory.\nCrafted for smooth and effortless writing, this pen is ideal for daily use while also serving as a symbol of faith and positivity. The sturdy metal construction ensures durability, while the sleek design offers a comfortable grip and refined appearance.\nPerfect for religious occasions, festive gifting, temple offerings, spiritual events, corporate devotional gifts and personal keepsakes, this pen makes every word feel blessed and purposeful.\n\n<b>Key Features</b>\n<ul>\n 	<li style=""font-weight: 400;"" aria-level=""1""><span style=""font-weight: 400;"">Premium red metallic body with gold accents</span><span style=""font-weight: 400;"">\n</span></li>\n 	<li style=""font-weight: 400;"" aria-level=""1""><span style=""font-weight: 400;"">Transparent cap featuring Shree Ram symbol</span><span style=""font-weight: 400;"">\n</span></li>\n 	<li style=""font-weight: 400;"" aria-level=""1""><span style=""font-weight: 400;"">Smooth ballpoint writing performance</span><span style=""font-weight: 400;"">\n</span></li>\n 	<li style=""font-weight: 400;"" aria-level=""1""><span style=""font-weight: 400;"">Comfortable grip with balanced design</span><span style=""font-weight: 400;"">\n</span></li>\n 	<li style=""font-weight: 400;"" aria-level=""1""><span style=""font-weight: 400;"">Ideal for spiritual gifting &amp; devotional use</span></li>\n</ul>",,,taxable,,1,,,0,0,,,,,0,,,,Pen,,,https://giftingdestiny.com/wp-content/uploads/2026/01/prodact-card-8-948x1024-1-3.webp,,,,,,,,,0,
2880,simple,,,"Black & Gold Premium Ashoka Emblem Pen",1,0,visible,,"The Black &amp; Gold Premium Ashoka Emblem Pen is a distinguished writing instrument that reflects prestige, responsibility and national pride. Designed with a sleek glossy black body and enriched with gold-plated accents, this pen features the iconic Ashoka Emblem on the cap, making it a powerful symbol of authority and integrity.\nCrafted for smooth and consistent writing, the pen offers a balanced grip and refined finish, ideal for professionals, officials and dignitaries. The premium metal construction ensures durability, while the elegant design enhances its executive appeal.\nPerfect for government departments, corporate gifting, official ceremonies, recognition awards, conferences and patriotic occasions, this pen stands out as a meaningful and respectful gift choice.\n\n<b>Key Features</b>\n<ul>\n 	<li style=""font-weight: 400;"" aria-level=""1""><span style=""font-weight: 400;"">Premium black body with gold detailing</span><span style=""font-weight: 400;"">\n</span></li>\n 	<li style=""font-weight: 400;"" aria-level=""1""><span style=""font-weight: 400;"">Iconic Ashoka Emblem on the cap</span><span style=""font-weight: 400;"">\n</span></li>\n 	<li style=""font-weight: 400;"" aria-level=""1""><span style=""font-weight: 400;"">Smooth-flow ballpoint for effortless writing</span><span style=""font-weight: 400;"">\n</span></li>\n 	<li style=""font-weight: 400;"" aria-level=""1""><span style=""font-weight: 400;"">Durable metal build with elegant finish</span><span style=""font-weight: 400;"">\n</span></li>\n 	<li style=""font-weight: 400;"" aria-level=""1""><span style=""font-weight: 400;"">Ideal for official, corporate &amp; ceremonial gifting</span></li>\n</ul>\n&nbsp;",,,taxable,,1,,,0,0,,,,,0,,,,Pen,,,https://giftingdestiny.com/wp-content/uploads/2026/01/image-3.webp,,,,,,,,,0,
2881,simple,,,"Premium Black & Gold Metal Ball Pen – Model MP49",1,0,visible,,"The Premium Black &amp; Gold Metal Ball Pen – Model MP49 is a perfect blend of classic elegance and modern professionalism. Featuring a sleek black metal body highlighted with gold-plated accents, this pen delivers a refined appearance suited for executives and professionals.\nDesigned for comfort and performance, the pen offers a smooth ballpoint writing experience with a well-balanced grip that ensures effortless writing throughout the day. The sturdy metal construction enhances durability, while the stylish gold clip adds a touch of sophistication.\nIdeal for corporate gifting, executive kits, promotional events, conferences and premium giveaways, the MP49 model reflects quality, class and attention to detail.\n\n<b>Key Features</b>\n<ul>\n 	<li style=""font-weight: 400;"" aria-level=""1""><span style=""font-weight: 400;"">Premium metal body with black &amp; gold finish</span><span style=""font-weight: 400;"">\n</span></li>\n 	<li style=""font-weight: 400;"" aria-level=""1""><span style=""font-weight: 400;"">Smooth-flow ballpoint mechanism</span><span style=""font-weight: 400;"">\n</span></li>\n 	<li style=""font-weight: 400;"" aria-level=""1""><span style=""font-weight: 400;"">Elegant gold clip for a professional look</span><span style=""font-weight: 400;"">\n</span></li>\n 	<li style=""font-weight: 400;"" aria-level=""1""><span style=""font-weight: 400;"">Comfortable grip with balanced weight</span><span style=""font-weight: 400;"">\n</span></li>\n 	<li style=""font-weight: 400;"" aria-level=""1""><span style=""font-weight: 400;"">Perfect for corporate &amp; personalized gifting</span></li>\n</ul>",,,taxable,,1,,,0,0,,,,,0,,,,Pen,,,https://giftingdestiny.com/wp-content/uploads/2026/01/image-5.webp,,,,,,,,,0,
2882,simple,,,"Royal Gold Floral Ball Pen – Model MP 17",1,0,visible,,"The Royal Gold Floral Ball Pen – Model MP 17 is a masterpiece of artistic elegance and premium craftsmanship. Designed with a rich black body and a stunning gold-plated floral-patterned cap, this pen exudes royalty and sophistication in every detail.\nThe intricate floral engraving on the cap adds a touch of timeless luxury, making it a perfect choice for those who appreciate refined aesthetics. Built with a smooth ballpoint mechanism, the pen ensures effortless writing, while its balanced weight offers comfort for everyday use.\nIdeal for premium corporate gifting, festive occasions, executive presentations and special celebrations, the MP 17 pen is not just a writing tool it’s a symbol of prestige and thoughtful gifting.\n\n<b>Key Features</b>\n<ul>\n 	<li style=""font-weight: 400;"" aria-level=""1""><span style=""font-weight: 400;"">Elegant black body with gold floral-patterned cap</span><span style=""font-weight: 400;"">\n</span></li>\n 	<li style=""font-weight: 400;"" aria-level=""1""><span style=""font-weight: 400;"">Premium metal construction for durability</span><span style=""font-weight: 400;"">\n</span></li>\n 	<li style=""font-weight: 400;"" aria-level=""1""><span style=""font-weight: 400;"">Smooth-flow ballpoint writing performance</span><span style=""font-weight: 400;"">\n</span></li>\n 	<li style=""font-weight: 400;"" aria-level=""1""><span style=""font-weight: 400;"">Stylish gold clip for a refined finish</span><span style=""font-weight: 400;"">\n</span></li>\n 	<li style=""font-weight: 400;"" aria-level=""1""><span style=""font-weight: 400;"">Ideal for luxury gifting &amp; executive use</span></li>\n</ul>\n&nbsp;",,,taxable,,1,,,0,0,,,,,0,,,,Pen,,,https://giftingdestiny.com/wp-content/uploads/2026/01/Royal-Gold-Floral-Ball-Pen.webp,,,,,,,,,0,
2883,simple,,,"Executive Ball Pen – Silver Cap with Matte Finish",1,0,visible,,"<span style=""font-weight: 400;"">The KS724 Executive Ball Pen is designed for professionals who value simplicity, elegance and performance. Featuring a sleek silver metal cap paired with a smooth matte-finish body, this pen delivers a refined executive look suitable for everyday office use and premium gifting.\n</span><span style=""font-weight: 400;"">Available in classic Black and Blue shades, the KS724 offers a comfortable grip and a well-balanced design for effortless writing. Its smooth ballpoint mechanism ensures consistent ink flow, making it ideal for meetings, note-taking and daily correspondence.\n</span><span style=""font-weight: 400;"">Perfect for corporate gifting, employee welcome kits, conferences, promotions and personalized branding, this pen combines functionality with understated luxury.\n</span>\n\n<b>Key Features</b>\n<ul>\n 	<li style=""font-weight: 400;"" aria-level=""1""><span style=""font-weight: 400;"">Premium silver metal cap with elegant clip</span><span style=""font-weight: 400;"">\n</span></li>\n 	<li style=""font-weight: 400;"" aria-level=""1""><span style=""font-weight: 400;"">Smooth matte-finish body (Black / Blue options)</span><span style=""font-weight: 400;"">\n</span></li>\n 	<li style=""font-weight: 400;"" aria-level=""1""><span style=""font-weight: 400;"">Comfortable grip for extended writing</span><span style=""font-weight: 400;"">\n</span></li>\n 	<li style=""font-weight: 400;"" aria-level=""1""><span style=""font-weight: 400;"">Reliable ballpoint writing mechanism</span><span style=""font-weight: 400;"">\n</span></li>\n 	<li style=""font-weight: 400;"" aria-level=""1""><span style=""font-weight: 400;"">Ideal for corporate &amp; executive gifting</span></li>\n</ul>\n<span style=""font-weight: 400;""> </span>",,,taxable,,1,,,0,0,,,,,0,,,,Pen,,,"https://giftingdestiny.com/wp-content/uploads/2026/01/image-7.webp, https://giftingdestiny.com/wp-content/uploads/2026/01/image-6.webp",,,,,,,,,0,
2884,simple,,,"Gold Metal Fountain Pen with Orange Accent",1,0,visible,,"The KS 923 Gold Metal Fountain Pen is a refined blend of luxury, craftsmanship and modern design. Featuring a rich gold metal body complemented by a vibrant orange accent, this fountain pen stands out as a statement piece for professionals and pen enthusiasts alike.\nDesigned for smooth, effortless writing, the KS 923 offers excellent ink flow and a balanced grip, making it ideal for signatures, journaling and everyday executive use. The sturdy metal construction ensures durability, while the sleek clip mechanism adds convenience and style.\nPerfect for premium gifting, corporate rewards, festive occasions and personalized branding, this fountain pen reflects sophistication and attention to detail.\n\n<b>Key Features</b>\n<ul>\n 	<li style=""font-weight: 400;"" aria-level=""1""><span style=""font-weight: 400;"">Elegant gold metal body with stylish orange accent</span><span style=""font-weight: 400;"">\n</span></li>\n 	<li style=""font-weight: 400;"" aria-level=""1""><span style=""font-weight: 400;"">Smooth fountain pen nib for refined writing</span><span style=""font-weight: 400;"">\n</span></li>\n 	<li style=""font-weight: 400;"" aria-level=""1""><span style=""font-weight: 400;"">Durable, well-balanced metal construction</span><span style=""font-weight: 400;"">\n</span></li>\n 	<li style=""font-weight: 400;"" aria-level=""1""><span style=""font-weight: 400;"">Premium clip for easy pocket or notebook carry</span><span style=""font-weight: 400;"">\n</span></li>\n 	<li style=""font-weight: 400;"" aria-level=""1""><span style=""font-weight: 400;"">Ideal for executive, corporate &amp; luxury gifting</span></li>\n</ul>",,,taxable,,1,,,0,0,,,,,0,,,,Pen,,,https://giftingdestiny.com/wp-content/uploads/2026/01/image-8.webp,,,,,,,,,0,
2885,simple,,,"SH Midnight Black Rollerball Pen with Orange Trim",1,0,visible,,"The SH Midnight Black Rollerball Pen with Orange Trim is designed for those who appreciate modern elegance with a bold edge. Featuring a deep midnight black body highlighted by a striking orange trim, this pen delivers a perfect balance of sophistication and contemporary style.\nEngineered with a smooth rollerball mechanism, it ensures effortless ink flow and consistent writing performance, making it ideal for daily professional use, signatures and note-taking. The streamlined metal body offers a comfortable grip, while the refined clip adds convenience and a premium finish.\nAn excellent choice for corporate gifting, executive desks, festive giveaways and personalized branding, this pen reflects confidence, precision and refined taste.\n\n<b>Key Features</b>\n<ul>\n 	<li style=""font-weight: 400;"" aria-level=""1""><span style=""font-weight: 400;"">Premium midnight black finish with vibrant orange trim</span><span style=""font-weight: 400;"">\n</span></li>\n 	<li style=""font-weight: 400;"" aria-level=""1""><span style=""font-weight: 400;"">Smooth rollerball writing system for effortless performance</span><span style=""font-weight: 400;"">\n</span></li>\n 	<li style=""font-weight: 400;"" aria-level=""1""><span style=""font-weight: 400;"">Durable metal body with balanced weight</span><span style=""font-weight: 400;"">\n</span></li>\n 	<li style=""font-weight: 400;"" aria-level=""1""><span style=""font-weight: 400;"">Elegant clip for easy pocket or notebook carry</span><span style=""font-weight: 400;"">\n</span></li>\n 	<li style=""font-weight: 400;"" aria-level=""1""><span style=""font-weight: 400;"">Ideal for corporate, executive &amp; luxury gifting</span></li>\n</ul>",,,taxable,,1,,,0,0,,,,,0,,,,Pen,,,https://giftingdestiny.com/wp-content/uploads/2026/01/image-9.webp,,,,,,,,,0,
2886,simple,,,"White Gold Executive Ballpoint Pen",1,0,visible,,"The 1101 White Gold Executive Ballpoint Pen is a perfect blend of classic elegance and professional sophistication. Designed with a smooth white body and refined gold accents, this pen delivers a timeless appeal that complements any executive workspace.\nBuilt for comfort and reliability, the pen features a smooth ballpoint mechanism that ensures consistent ink flow and effortless writing. The sturdy metal construction offers durability, while the sleek clip enhances portability and everyday convenience.\nIdeal for corporate gifting, business promotions, award ceremonies, festive gifting and executive use, this pen reflects refinement, professionalism and attention to detail.\n\n<b>Key Features</b>\n<ul>\n 	<li style=""font-weight: 400;"" aria-level=""1""><span style=""font-weight: 400;"">Elegant white finish with gold accents</span><span style=""font-weight: 400;"">\n</span></li>\n 	<li style=""font-weight: 400;"" aria-level=""1""><span style=""font-weight: 400;"">Smooth ballpoint writing mechanism</span><span style=""font-weight: 400;"">\n</span></li>\n 	<li style=""font-weight: 400;"" aria-level=""1""><span style=""font-weight: 400;"">Durable metal body with balanced grip</span><span style=""font-weight: 400;"">\n</span></li>\n 	<li style=""font-weight: 400;"" aria-level=""1""><span style=""font-weight: 400;"">Sleek clip for easy pocket or notebook carry</span><span style=""font-weight: 400;"">\n</span></li>\n 	<li style=""font-weight: 400;"" aria-level=""1""><span style=""font-weight: 400;"">Perfect for corporate, executive &amp; premium gifting</span></li>\n</ul>",,,taxable,,1,,,0,0,,,,,0,,,,Pen,,,https://giftingdestiny.com/wp-content/uploads/2026/01/White-gold-pen.webp,,,,,,,,,0,
2887,simple,,,"Matte Black Stainless Steel Water Bottle – 500ml | Sleek, Durable & Custom Branding Ready",1,0,visible,,"Stay stylishly hydrated with our Matte Black Stainless Steel Bottle (500ml), designed for modern lifestyles and premium gifting. Crafted from high-quality stainless steel with a smooth matte finish, this bottle combines elegance, durability and everyday practicality.\nThe slim, ergonomic design fits easily into backpacks, handbags and car cup holders, while the attached wrist strap ensures easy carrying on the go. Ideal for offices, travel, workouts and outdoor activities, this bottle is also perfect for corporate gifting and brand promotions, with ample space for custom logo branding.",,,taxable,,1,,,0,0,,,,,0,,,,Bottle,,,https://giftingdestiny.com/wp-content/uploads/2026/01/2-2-1.webp,,,,,,,,,0,
2888,simple,,,"Sleek Black Stainless Steel Water Bottle – 750ml | Minimal, Durable & Gift-Ready",1,0,visible,,"Upgrade everyday hydration with our Sleek Black Stainless Steel Water Bottle (750ml), designed for those who prefer elegance with performance. Featuring a smooth matte finish and a slim, modern silhouette, this bottle is perfect for office use, travel, fitness and corporate gifting. Durable, leak-proof and easy to carry, it’s also ideal for custom branding and promotional gifts.",,,taxable,,1,,,0,0,,,,,1,,,,Diery,,,,,,,,,,,,0,
2891,simple,,,"Matte Black Sports Stainless Steel Water Bottle with Flip Lid – Leakproof Design",1,0,visible,"Stay refreshed on the go with this Matte Black Sports Stainless Steel Water Bottle, designed with a convenient flip-top lid for easy sipping. Its ergonomic shape ensures a comfortable grip, while the durable stainless steel body makes it ideal for workouts, travel, office and outdoor use. A stylish and practical choice for corporate gifting and custom branding.",,,,taxable,,1,,,0,0,,,,,1,,,,Diery,,,,,,,,,,,,0,
2892,simple,,,"Customized Metal & Leather Keychains",1,0,visible,,"Our Customized Metal &amp; Leather Keychains are designed to combine elegance, durability and personalization, making them perfect for everyday use and meaningful gifting. Crafted using high-quality metal and premium leather finishes, these keychains offer a sleek and professional look that suits both personal and corporate needs.\nIdeal for corporate gifting, promotional branding, events, employee appreciation and personalized giveaways, each keychain can be customized with logos, names, initials or messages to create a lasting impression.\nWhether you’re looking for a minimal metal finish or a stylish leather-accented design, our keychains are thoughtfully crafted to reflect quality and attention to detail, a perfect blend of utility and style.\n\n<b>Key Features</b>\n<ul>\n 	<li style=""font-weight: 400;"" aria-level=""1""><span style=""font-weight: 400;"">Premium metal &amp; leather finish</span><span style=""font-weight: 400;"">\n</span></li>\n 	<li style=""font-weight: 400;"" aria-level=""1""><span style=""font-weight: 400;"">Customizable with logo, name or text</span><span style=""font-weight: 400;"">\n</span></li>\n 	<li style=""font-weight: 400;"" aria-level=""1""><span style=""font-weight: 400;"">Ideal for corporate &amp; promotional gifting</span><span style=""font-weight: 400;"">\n</span></li>\n 	<li style=""font-weight: 400;"" aria-level=""1""><span style=""font-weight: 400;"">Durable, lightweight &amp; stylish</span><span style=""font-weight: 400;"">\n</span></li>\n 	<li style=""font-weight: 400;"" aria-level=""1""><span style=""font-weight: 400;"">Suitable for bulk &amp; personalized orders</span><span style=""font-weight: 400;"">\n</span></li>\n</ul>",,,taxable,,1,,,0,0,,,,,0,,,,Keychains,,,"https://giftingdestiny.com/wp-content/uploads/2026/01/1-2.webp, https://giftingdestiny.com/wp-content/uploads/2026/01/7-1.webp, https://giftingdestiny.com/wp-content/uploads/2026/01/6-1.webp, https://giftingdestiny.com/wp-content/uploads/2026/01/5-1.webp, https://giftingdestiny.com/wp-content/uploads/2026/01/4-1.webp, https://giftingdestiny.com/wp-content/uploads/2026/01/3-1.webp, https://giftingdestiny.com/wp-content/uploads/2026/01/2-1.webp, https://giftingdestiny.com/wp-content/uploads/2026/01/1-3.webp",,,,,,,,,0,
2910,simple,,,"Sleek Black Stainless Steel Water Bottle – 750ml | Minimal, Durable & Gift-Ready",1,0,visible,,"<strong>Description</strong>\nUpgrade everyday hydration with our Sleek Black Stainless Steel Water Bottle (750ml), designed for those who prefer elegance with performance. Featuring a smooth matte finish and a slim, modern silhouette, this bottle is perfect for office use, travel, fitness and corporate gifting. Durable, leak-proof and easy to carry, it’s also ideal for custom branding and promotional gifts.",,,taxable,,1,,,0,0,,,,,0,,,,Bottle,,,https://giftingdestiny.com/wp-content/uploads/2026/01/2-2-1-1.webp,,,,,,,,,0,
2911,simple,,,"Smart Black Temperature Display Bottle – 500ml | Stainless Steel with LED Touch Display",1,0,visible,,"<strong>Description</strong>\nStay smartly hydrated with our Smart Black Temperature Display Bottle (500ml), featuring a sleek LED touch screen that instantly shows the water temperature. Crafted from high-quality stainless steel with a modern matte finish, this bottle keeps beverages hot or cold for hours. A perfect blend of technology, style and functionality, making it ideal for daily use, corporate gifting and premium custom branding.",,,taxable,,1,,,0,0,,,,,0,,,,Bottle,,,https://giftingdestiny.com/wp-content/uploads/2026/01/2-2-2.webp,,,,,,,,,0,
2912,simple,,,"Matte Black Sports Stainless Steel Water Bottle with Flip Lid – Leakproof Design",1,0,visible,,"<strong>Description</strong>\nStay refreshed on the go with this Matte Black Sports Stainless Steel Water Bottle, designed with a convenient flip-top lid for easy sipping. Its ergonomic shape ensures a comfortable grip, while the durable stainless steel body makes it ideal for workouts, travel, office and outdoor use. A stylish and practical choice for corporate gifting and custom branding.",,,taxable,,1,,,0,0,,,,,0,,,,Bottle,,,https://giftingdestiny.com/wp-content/uploads/2026/01/2-2-3.webp,,,,,,,,,0,
2913,simple,,,"Black Infuser Flask with Handle – 420ml Double-Wall Stainless Steel Bottle",1,0,visible,,"<strong>Description</strong>\nBrew and carry your favorite beverages effortlessly with this Black Infuser Flask, featuring a built-in infuser and a convenient carry handle. Crafted with double-wall stainless steel insulation, it helps maintain temperature while delivering a sleek, modern look. Perfect for tea, fruit infusions, office use, travel and premium corporate gifting with custom branding.",,,taxable,,1,,,0,0,,,,,0,,,,Bottle,,,https://giftingdestiny.com/wp-content/uploads/2026/01/2-2-4.webp,,,,,,,,,0,
2914,simple,,,"Custom Eco Bamboo Thermal Bottle – 500ml Stainless Steel with Branding",1,0,visible,,"<strong>Description</strong>\nElevate sustainable gifting with this Eco Bamboo Thermal Bottle, designed with a natural bamboo exterior and a double-wall stainless steel interior for effective temperature retention. Ideal for hot and cold beverages, it blends eco-conscious style with everyday functionality. Perfect for corporate gifting, event giveaways and custom-branded gift packaging.",,,taxable,,1,,,0,0,,,,,0,,,,Bottle,,,https://giftingdestiny.com/wp-content/uploads/2026/01/2-2-5.webp,,,,,,,,,0,
2915,simple,,,"Premium Sublimation White Stainless Steel Water Bottle – 750ml with Flip-Top Black Lid",1,0,visible,,"<strong>Description</strong>\nDesigned for personalization, this Premium Sublimation White Stainless Steel Water Bottle features a smooth white finish ideal for high-quality custom prints. Equipped with a secure flip-top black lid, it offers spill-free convenience and everyday durability. Perfect for corporate branding, promotional gifting, sports events and customized giveaways.",,,taxable,,1,,,0,0,,,,,0,,,,Bottle,,,"https://giftingdestiny.com/wp-content/uploads/2026/01/Premium-Sublimation-White-Stainless-Steel-Water-Bottle-1.webp, https://giftingdestiny.com/wp-content/uploads/2026/01/Premium-Sublimation-White-Stainless-Steel-Water-Bottle.webp",,,,,,,,,0,
2916,simple,,,"Premium Corporate Gift Set – 4-in-1 Black Executive Combo",1,0,visible,,"<strong>Description</strong>\nMake a lasting impression with this elegant 4-in-1 executive gift set, thoughtfully curated for professionals and corporate occasions. Featuring a premium leather-finish diary, stylish card holder, sleek metal pen and a classic keychain, all neatly packed in a luxury black gift box. Perfect for corporate gifting, employee appreciation, client gifting, festive occasions and business events where style meets functionality.",,,taxable,,1,,,0,0,,,,,0,,,,"Combo sets",,,https://giftingdestiny.com/wp-content/uploads/2026/01/2-2-6.webp,,,,,,,,,0,
2918,simple,,,"Personalized Heart Cushion with Red Rose Petals – Sublimation Photo Print",1,0,visible,,"<strong>Description</strong>\nExpress love in the most heartfelt way with this beautiful heart-shaped cushion, adorned with luxurious red rose petal texture and customized using high-quality sublimation photo printing. Soft, elegant and deeply romantic, this cushion makes a perfect keepsake for Valentine’s Day, anniversaries, birthdays, weddings and special surprises. Personalize it with your favorite photo to turn precious memories into a timeless gift.",,,taxable,,1,,,0,0,,,,,0,,,,Pillow,,,https://giftingdestiny.com/wp-content/uploads/2026/01/2-2-7.webp,,,,,,,,,0,
2919,simple,,,"Plush Heart-Shaped Cushion with Customizable Center Panel",1,0,visible,,"<strong>Description</strong>\nAdd warmth and love to your gifting moments with this luxuriously plush heart-shaped cushion, featuring a soft red furry border and a customizable white center panel for photo or text printing. Designed for comfort and emotional impact, this cushion is ideal for Valentine’s Day, anniversaries, birthdays, proposals and romantic surprises. Personalize it with your favorite memory to create a gift that speaks straight from the heart.",,,taxable,,1,,,0,0,,,,,0,,,,Pillow,,,https://giftingdestiny.com/wp-content/uploads/2026/01/2-2-8.webp,,,,,,,,,0,
2920,simple,,,"Premium Customizable Fur Cushion – Soft Square Red Pillow with White Center Panel",1,0,visible,,"<strong>Description</strong>\nElevate your gifting experience with this luxurious square fur cushion, designed with a rich red plush border and a smooth white center panel ideal for photo or text personalization. Soft to touch and visually elegant, this cushion makes a thoughtful gift for birthdays, anniversaries, Valentine’s Day, weddings or home decor accents. Add your cherished memories or messages to create a truly personalized keepsake.",,,taxable,,1,,,0,0,,,,,0,,,,Pillow,,,"https://giftingdestiny.com/wp-content/uploads/2026/01/2-2-9.webp, https://giftingdestiny.com/wp-content/uploads/2026/01/Premium-Customizable-Fur-Cushion-–-Soft-Square-Red-Pillow-with-White-Center-Panel.webp",,,,,,,,,0,
2921,simple,,,"Premium Customizable Fur Cushion – Soft Square Rose Pink Pillow with White Center Panel",1,0,visible,,"<strong>Description</strong>\nBring warmth and charm to your gifting with this luxuriously soft rose pink fur cushion, designed with a smooth white center panel perfect for personalized photo or text sublimation. Its plush texture and soothing pastel tone make it a beautiful choice for romantic gifts, birthdays, baby showers, anniversaries or cozy home decor. A delightful keepsake that blends comfort with customization.",,,taxable,,1,,,0,0,,,,,0,,,,Pillow,,,"https://giftingdestiny.com/wp-content/uploads/2026/01/2-2-11.webp, https://giftingdestiny.com/wp-content/uploads/2026/01/image-11.webp, https://giftingdestiny.com/wp-content/uploads/2026/01/image-10.webp, https://giftingdestiny.com/wp-content/uploads/2026/01/image3-1.webp, https://giftingdestiny.com/wp-content/uploads/2026/01/image1.webp",,,,,,,,,0,
2922,simple,,,"Premium Customizable Fur Cushion – Soft Square Peach Pink Pillow with White Center Panel",1,0,visible,,"<strong>Description</strong>\nBring warmth and charm to your gifting with this luxuriously soft peach pink fur cushion, designed with a smooth white center panel for high-quality photo or text sublimation. The soothing pastel tone and plush texture make it an ideal choice for romantic gifts, birthdays, baby showers, festive occasions and elegant home decor. A perfect blend of comfort, personalization and premium appeal.",,,taxable,,1,,,0,0,,,,,0,,,,Pillow,,,"https://giftingdestiny.com/wp-content/uploads/2026/01/Premium-Customizable-Fur-Cushion-–-Soft-Square-Peach-Pink-Pillow-with-White-Center-Panel.webp, https://giftingdestiny.com/wp-content/uploads/2026/01/Premium-Customizable-Fur-Cushion-–-Soft-Square-Peach-Pink-Pillow-with-White-Center-Panel.webp",,,,,,,,,0,
2923,simple,,,"Premium Customizable Heart-Shaped Fur Cushion – Red Plush Pillow with White Personalization Panel",1,0,visible,,"<strong>Description</strong>\nExpress love in the most heartfelt way with this luxuriously soft red heart-shaped fur cushion, featuring a smooth white center panel perfect for photo, name or message sublimation. Designed for comfort and romance, this cushion makes an ideal gift for Valentine’s Day, anniversaries, weddings, birthdays and special surprises, adding a personal touch to every cherished moment.",,,taxable,,1,,,0,0,,,,,0,,,,Pillow,,,"https://giftingdestiny.com/wp-content/uploads/2026/01/2-2-12.webp, https://giftingdestiny.com/wp-content/uploads/2026/01/Premium-Customizable-Heart-Shaped-Fur-Cushion-–-Red-Plush-Pillow-with-White-Personalization-Panel-1.webp, https://giftingdestiny.com/wp-content/uploads/2026/01/Premium-Customizable-Heart-Shaped-Fur-Cushion-–-Red-Plush-Pillow-with-White-Personalization-Panel.webp",,,,,,,,,0,
2924,simple,,,"Premium Customizable Heart-Shaped Fur Cushion – Fountain Blue Plush with White Personalization Panel",1,0,visible,,"<strong>Description</strong>\nAdd a refreshing touch of love with this soft and elegant fountain blue heart-shaped fur cushion, designed with a smooth white center panel for photo, name or message customization. Crafted for comfort and style, it’s a perfect personalized gift for birthdays, anniversaries, Valentine’s Day, weddings or special surprises, making every moment truly memorable.",,,taxable,,1,,,0,0,,,,,0,,,,Pillow,,,"https://giftingdestiny.com/wp-content/uploads/2026/01/2-2-13.webp, https://giftingdestiny.com/wp-content/uploads/2026/01/Premium-Customizable-Heart-Shaped-Fur-Cushion-–-Fountain-Blue-Plush-with-White-Personalization-Panel.webp",,,,,,,,,0,
2925,simple,,,"Premium Customizable Heart-Shaped Fur Cushion – Royal Purple Plush with White Personalization Panel",1,0,visible,,"<strong>Description</strong>\nExpress love with a touch of elegance through this luxurious royal purple heart-shaped fur cushion, featuring a smooth white center panel perfect for photo, name or message customization. Soft, stylish and irresistibly cozy, it makes an ideal personalized gift for birthdays, anniversaries, Valentine’s Day, weddings and special occasions, turning heartfelt moments into lasting memories.",,,taxable,,1,,,0,0,,,,,0,,,,Pillow,,,"https://giftingdestiny.com/wp-content/uploads/2026/01/2-2-14.webp, https://giftingdestiny.com/wp-content/uploads/2026/01/image-17.webp",,,,,,,,,0,
2926,simple,,,"Premium Customizable Heart-Shaped Fur Cushion – Peach Pink Plush with White Personalization Panel",1,0,visible,,"<strong>Description</strong>\nAdd warmth and charm to your special moments with this luxurious peach pink heart-shaped fur cushion, designed with a smooth white center panel for photo, name or message customization. Crafted for comfort and style, it’s a perfect personalized gift for anniversaries, Valentine’s Day, birthdays, weddings and heartfelt surprises, making every expression of love truly unforgettable.",,,taxable,,1,,,0,0,,,,,0,,,,Pillow,,,"https://giftingdestiny.com/wp-content/uploads/2026/01/2-2-15.webp, https://giftingdestiny.com/wp-content/uploads/2026/01/image-18.webp",,,,,,,,,0,
2927,simple,,,"Premium Customizable Heart-Shaped Fur Cushion – Elegant Black Plush with White Personalization Panel",1,0,visible,,"<strong>Description</strong>\nMake a bold and timeless statement with this luxurious black heart-shaped fur cushion, featuring a smooth white center panel ideal for personalized photo prints, names or special messages. Soft to touch and visually striking, it’s an ideal personalized gift for anniversaries, Valentine’s Day, birthdays, weddings and memorable celebrations, blending elegance with heartfelt emotion.",,,taxable,,1,,,0,0,,,,,0,,,,Pillow,,,"https://giftingdestiny.com/wp-content/uploads/2026/01/2-2-16.webp, https://giftingdestiny.com/wp-content/uploads/2026/01/Premium-Customizable-Heart-Shaped-Fur-Cushion-–-Elegant-Black-Plush-with-White-Personalization-Panel.webp",,,,,,,,,0,
2928,simple,,,"Premium Customizable Heart-Shaped Fur Cushion – Sunshine Yellow Plush with White Personalization Panel",1,0,visible,,"<strong>Description</strong>\nSpread joy and warmth with this luxuriously soft sunshine yellow heart-shaped fur cushion, designed with a smooth white center panel perfect for personalized photos, names or heartfelt messages. Its cheerful color and plush comfort make it a delightful gift for birthdays, anniversaries, Valentine’s Day, weddings and special celebrations, turning happy moments into lasting memories.",,,taxable,,1,,,0,0,,,,,0,,,,Pillow,,,"https://giftingdestiny.com/wp-content/uploads/2026/01/2-2-17.webp, https://giftingdestiny.com/wp-content/uploads/2026/01/Premium-Customizable-Heart-Shaped-Fur-Cushion-–-Sunshine-Yellow-Plush-with-White-Personalization-Panel.webp",,,,,,,,,0,
2929,simple,,,"Premium Customizable Heart-Shaped Fur Cushion – Elegant Gold Plush with White Personalization Panel",1,0,visible,,"<strong>Description</strong>\nAdd a touch of luxury to your heartfelt moments with this soft and elegant gold heart-shaped fur cushion, featuring a smooth white center panel ideal for personalized photo prints, names or special messages. Its rich golden tone and plush comfort make it a perfect personalized gift for anniversaries, weddings, Valentine’s Day, birthdays and grand celebrations, creating memories that shine forever.",,,taxable,,1,,,0,0,,,,,0,,,,Pillow,,,"https://giftingdestiny.com/wp-content/uploads/2026/01/Premium-Customizable-Heart-Shaped-Fur-Cushion-–-Elegant-Gold-Plush-with-White-Personalization-Panel-1.webp, https://giftingdestiny.com/wp-content/uploads/2026/01/Premium-Customizable-Heart-Shaped-Fur-Cushion-–-Elegant-Gold-Plush-with-White-Personalization-Panel.webp",,,,,,,,,0,
2930,simple,,,"Premium Customizable Heart-Shaped Fur Cushion – Pure White Plush with Personalization Panel",1,0,visible,,"<strong>Description</strong>\nCelebrate love in its purest form with this luxuriously soft white heart-shaped fur cushion, featuring a smooth white center panel designed for personalized photo prints, names or heartfelt messages. With its timeless elegance and cozy feel, this cushion is an ideal personalized gift for weddings, anniversaries, Valentine’s Day, birthdays and meaningful occasions, creating memories that last a lifetime.",,,taxable,,1,,,0,0,,,,,0,,,,Pillow,,,"https://giftingdestiny.com/wp-content/uploads/2026/01/2-2-19.webp, https://giftingdestiny.com/wp-content/uploads/2026/01/image2-1.webp, https://giftingdestiny.com/wp-content/uploads/2026/01/image1-1.webp",,,,,,,,,0,
2931,simple,,,"Premium 12″ × 18″ Personalized LED Photo Frame – Wooden Finish Glowing Wall Decor",1,0,visible,,"<strong>Description</strong>\nIlluminate your cherished memories with this 12″ × 18″ personalized LED photo frame, crafted with a premium wooden finish and soft ambient lighting. Designed to beautifully showcase your favorite photos, it adds warmth and elegance to any space. Ideal for home decor, birthdays, anniversaries, weddings, housewarmings and premium corporate gifting, this glowing frame turns special moments into timeless decor.",,,taxable,,1,,,0,0,,,,,0,,,,"LED Light Frames, Wall Decor",,,https://giftingdestiny.com/wp-content/uploads/2026/01/2-2-20.webp,,,,,,,,,0,
2932,simple,,,"Single Mug Heat Press Machine – Digital Sublimation Printing for 11oz Mugs",1,0,visible,,"<strong>Description</strong>\nCreate high-quality, long-lasting mug prints with this single mug heat press machine, designed for digital sublimation printing on standard 11oz mugs. Featuring precise temperature control, even heat distribution and an easy-grip pressure handle, this compact machine ensures vibrant, fade-resistant results every time. Perfect for personalized gifts, photo mugs, corporate branding and small printing businesses, it delivers professional performance with simple operation.",,,taxable,,1,,,0,0,,,,,0,,,,Machine,,,https://giftingdestiny.com/wp-content/uploads/2026/01/Single-Mug-Heat-Press-Machine-–-Digital-Sublimation-Printing-for-11oz-Mugs.webp,,,,,,,,,0,
2933,simple,,,"FREESUB Dual Mug Heat Press Machine – Double Station Sublimation Mug Printer",1,0,visible,,"<strong>Description</strong>\nBoost productivity with the FREESUB Dual Mug Heat Press Machine, featuring two independent pressing stations for simultaneous mug printing. Designed for sublimation printing on 11oz mugs, this advanced machine ensures uniform heat distribution, precise digital temperature control and consistent pressure for vibrant, long-lasting prints. Ideal for custom gift businesses, photo studios, corporate branding and bulk mug printing, it delivers professional results with faster turnaround.",,,taxable,,1,,,0,0,,,,,0,,,,Machine,,,https://giftingdestiny.com/wp-content/uploads/2026/01/2-2-22.webp,,,,,,,,,0,
2935,simple,,,"Heavy-Duty Clamshell Heat Press Machine – 15×15 Inch for T-Shirts & Flat Items",1,0,visible,,"<strong>Description</strong>\nDeliver flawless heat transfers with this Heavy-Duty 15×15 Clamshell Heat Press Machine, engineered for T-shirts, photo prints, vinyl, sublimation and other flat materials. Built with a robust steel frame, even heat distribution and digital temperature &amp; time control, it ensures consistent, professional-grade results every time. The space-saving clamshell design makes it ideal for custom gift businesses, print shops, startups and home studios.",,,taxable,,1,,,0,0,,,,,0,,,,Machine,,,https://giftingdestiny.com/wp-content/uploads/2026/01/2-2-23.webp,,,,,,,,,0,
2936,simple,,,"Premium 5-in-1 Sublimation Heat Press Combo Machine – T-Shirts, Mugs, Plates & Hats",1,0,visible,,"<strong>Description</strong>\nUnlock endless personalization possibilities with this Premium 5-in-1 Sublimation Heat Press Combo Machine, designed for T-shirts, mugs, plates, caps, tiles and flat products. Featuring a heavy-duty heat press base, interchangeable attachments and digital temperature &amp; timer control, it delivers uniform heat and professional-quality results. Ideal for custom gifting businesses, print studios, startups and home entrepreneurs, this all-in-one machine saves space while maximizing productivity.",,,taxable,,1,,,0,0,,,,,0,,,,Machine,,,https://giftingdestiny.com/wp-content/uploads/2026/01/2-2-24.webp,,,,,,,,,0,
2937,simple,,,"Premium Sublimation Bottle Heat Press Machine – Ideal for Sports Bottles, Tumblers & Large Mugs",1,0,visible,,"<strong>Description</strong>\nCreate stunning, full-wrap custom prints with this Premium Sublimation Bottle Heat Press Machine, specially designed for sports bottles, tumblers, sippers and large-size mugs. Equipped with a digital temperature &amp; time controller, adjustable pressure handle and uniform heating element, it ensures vibrant, long-lasting sublimation results. Perfect for custom gift businesses, promotional printing and personalization studios, this machine delivers precision, efficiency and professional-grade output every time.",,,taxable,,1,,,0,0,,,,,0,,,,Machine,,,https://giftingdestiny.com/wp-content/uploads/2026/01/2-2-25.webp,,,,,,,,,0,
2939,simple,,,"Premium Personalized Notebook Diary with Elastic Closure – Elegant Corporate & Gift Journal",1,0,visible,"<strong>Description</strong>\nStay organized in style with this Premium Personalized Notebook Diary, designed with a sleek hard cover, secure elastic closure and bookmark ribbon for everyday convenience. Available in elegant colors, this notebook is ideal for corporate gifting, branding, personal journaling and executive use. Its smooth, high-quality pages make it perfect for notes, planning and creative writing an excellent blend of functionality and sophistication.",,,,taxable,,1,,,0,0,,,,,1,,,,Diery,,,https://giftingdestiny.com/wp-content/uploads/2026/01/2-2-26.webp,,,,,,,,,0,
2940,simple,,,"Premium 4-in-1 Corporate Executive Gift Set – Sleek Brown Fabric Diary, Card Holder, Pen & Keychain",1,0,visible,,"<strong>Description</strong>\nMake a lasting impression with this Premium 4-in-1 Corporate Executive Gift Set, thoughtfully curated in an elegant brown fabric finish. The set includes a stylish diary, matching card holder, smooth-finish pen and durable keychain, all neatly packed in a premium gift box. Ideal for corporate gifting, employee rewards, client appreciation and festive occasions, this executive combo blends professional style with everyday practicality.",,,taxable,,1,,,0,0,,,,,0,,,,"Combo sets",,,https://giftingdestiny.com/wp-content/uploads/2026/01/2-2-27.webp,,,,,,,,,0,
2941,simple,,,"Premium 4-in-1 Corporate Executive Gift Set – Elegant Grey Fabric Diary, Card Holder, Pen & Keychain",1,0,visible,,"<strong>Description</strong>\nElevate your corporate gifting with this Premium 4-in-1 Executive Gift Set, designed in a sophisticated grey fabric finish for a modern professional look. The set includes a stylish diary, matching card holder, sleek metal pen, and durable keychain, all neatly presented in a premium gift box. Ideal for corporate events, employee onboarding, client appreciation, festive gifting, and branding purposes, this combo delivers the perfect balance of style, utility, and professionalism.",,,taxable,,1,,,0,0,,,,,0,,,,"Combo sets",,,https://giftingdestiny.com/wp-content/uploads/2026/01/2-2-28.webp,,,,,,,,,0,
2942,simple,,,"Premium 4-in-1 Corporate Executive Gift Set – Sophisticated Lava Finish Diary, Card Holder, Pen & Keychain",1,0,visible,,"<strong>Description</strong>\nMake a lasting professional impression with this Premium 4-in-1 Lava Executive Gift Set, crafted in a refined dark lava fabric finish for a bold and modern look. The set includes a sleek executive diary, matching card holder, premium metal pen, and durable keychain, all elegantly arranged in a luxury presentation box. Perfect for corporate gifting, client appreciation, employee rewards, onboarding kits, and festive occasions, this combo reflects class, functionality, and executive style.",,,taxable,,1,,,0,0,,,,,0,,,,"Combo sets",,,https://giftingdestiny.com/wp-content/uploads/2026/01/2-2-29.webp,,,,,,,,,0,
2943,simple,,,"Premium 3-in-1 Black Wallet Gift Set – Classic Wallet, Pen & Keychain in Elegant Box",1,0,visible,,"<strong>Description</strong>\nElevate everyday essentials with this Premium 3-in-1 Black Wallet Gift Set, designed for timeless style and daily practicality. Featuring a sleek black wallet with contrast stitching, a smooth-finish pen, and a durable metal keychain, this set comes neatly packed in an elegant presentation box. Ideal for corporate gifting, birthdays, anniversaries, festive occasions, and professional giveaways, this combo delivers simplicity, sophistication, and lasting value.",,,taxable,,1,,,0,0,,,,,0,,,,"Fabric Diary\, Card Holder\, Pen & Keychain",,,https://giftingdestiny.com/wp-content/uploads/2026/01/2-2-30.webp,,,,,,,,,0,
2944,simple,,,"Premium 3-in-1 Maroon Wallet Combo Gift Set – Wallet, Pen & Keychain in Elegant Box",1,0,visible,,"<strong>Description</strong>\nAdd a touch of elegance to everyday essentials with this Premium 3-in-1 Maroon Wallet Combo Gift Set. Featuring a rich maroon wallet with fine contrast stitching, a matching smooth-finish pen, and a sturdy metal keychain, this thoughtfully curated set is presented in a stylish gift box. Ideal for corporate gifting, festive occasions, birthdays, anniversaries, and professional giveaways, this combo blends classic design, durability, and timeless appeal.",,,taxable,,1,,,0,0,,,,,0,,,,"Fabric Diary\, Card Holder\, Pen & Keychain",,,https://giftingdestiny.com/wp-content/uploads/2026/01/2-2-31.webp,,,,,,,,,0,
2945,simple,,,"Premium 3-in-1 Dark Blue Wallet Combo Gift Set – Wallet, Pen & Keychain",1,0,visible,,"<strong>Description</strong>\nUpgrade everyday essentials with this Premium 3-in-1 Dark Blue Wallet Gift Set, thoughtfully designed for modern professionals. The set includes a sleek dark blue wallet with fine contrast stitching, a matching smooth-finish pen, and a durable metal keychain, all neatly arranged in a premium presentation box. Perfect for corporate gifting, festive occasions, birthdays, anniversaries, and professional giveaways, this elegant combo delivers style, utility, and lasting impression.",,,taxable,,1,,,0,0,,,,,0,,,,"Combo sets",,,https://giftingdestiny.com/wp-content/uploads/2026/01/2-2-32.webp,,,,,,,,,0,
2946,simple,,,"Elegant 3-in-1 Light Brown Wallet Combo Gift Set – Wallet, Pen & Keychain",1,0,visible,,"<strong>Description</strong>\nMake a refined gifting choice with this Elegant 3-in-1 Light Brown Wallet Gift Set, crafted for everyday sophistication. The set features a classic light brown wallet with neat contrast stitching, a stylish matching pen, and a durable metal keychain, beautifully packed in an elegant gift box. Ideal for corporate gifting, festive celebrations, birthdays, anniversaries, and special occasions, this combo blends timeless style with practical utility, making it a thoughtful and lasting gift.",,,taxable,,1,,,0,0,,,,,0,,,,"Combo sets",,,https://giftingdestiny.com/wp-content/uploads/2026/01/2-2-33.webp,,,,,,,,,0,
2947,simple,,,"Classic 3-in-1 Dark Brown Wallet Combo Gift Set – Wallet, Pen & Keychain",1,0,visible,,"<strong>Description</strong>\nElevate your gifting with this Classic 3-in-1 Dark Brown Wallet Gift Set, designed for timeless elegance and everyday practicality. The set includes a premium dark brown wallet with fine contrast stitching, a sleek matching pen, and a durable metal keychain, all neatly presented in an elegant gift box. Ideal for corporate gifting, festive occasions, birthdays, anniversaries, and professional milestones, this combo offers a perfect blend of style, durability, and utility, making it a thoughtful gift for every occasion.",,,taxable,,1,,,0,0,,,,,0,,,,"Fabric Diary\, Card Holder\, Pen & Keychain",,,https://giftingdestiny.com/wp-content/uploads/2026/01/2-2-34.webp,,,,,,,,,0,
2948,simple,,,"Premium Brown Men’s Bi-Fold Leather Wallet with Elegant Gift Box",1,0,visible,,"<strong>Description</strong>\nUpgrade everyday essentials with this Premium Brown Men’s Bi-Fold Leather Wallet, crafted for men who value style, durability, and functionality. Featuring a smooth leather finish with fine contrast stitching, this wallet offers ample space for cards and cash while maintaining a sleek, slim profile. Presented in a stylish gift box, it makes an ideal choice for birthdays, anniversaries, festive gifting, corporate gifts, and special occasions—a timeless accessory that complements both casual and formal looks.",,,taxable,,1,,,0,0,,,,,0,,,,"Fabric Diary\, Card Holder\, Pen & Keychain",,,https://giftingdestiny.com/wp-content/uploads/2026/01/2-2-35.webp,,,,,,,,,0,
2950,simple,,,"Crystal Elegance Black Pen – Model MP1",1,0,visible,,"<strong>Description</strong>\nThe Crystal Elegance Black Pen (Model MP1) is a perfect blend of luxury, style and everyday functionality. Designed with a sleek black grip and a clear crystal-filled barrel embedded with sparkling stones, this pen adds a touch of sophistication to every writing experience.\nIdeal for corporate gifting, promotional branding, executive gifts and special occasions, this pen makes a subtle yet powerful statement. Its smooth writing performance, premium finish and elegant design make it a thoughtful and memorable gift choice.\nWhether used on a desk or presented in a gift set, the Crystal Elegance Pen reflects class, professionalism and attention to detail making it a standout accessory for modern professionals.\n<b>Key Features</b>\n<ul>\n 	<li style=""font-weight: 400;"" aria-level=""1""><span style=""font-weight: 400;"">Elegant black body with crystal-filled transparent barrel</span><span style=""font-weight: 400;"">\n</span></li>\n 	<li style=""font-weight: 400;"" aria-level=""1""><span style=""font-weight: 400;"">Embedded decorative stones for a premium look</span><span style=""font-weight: 400;"">\n</span></li>\n 	<li style=""font-weight: 400;"" aria-level=""1""><span style=""font-weight: 400;"">Smooth and comfortable writing experience</span><span style=""font-weight: 400;"">\n</span></li>\n 	<li style=""font-weight: 400;"" aria-level=""1""><span style=""font-weight: 400;"">Customizable with logo or branding</span><span style=""font-weight: 400;"">\n</span></li>\n 	<li style=""font-weight: 400;"" aria-level=""1""><span style=""font-weight: 400;"">Ideal for corporate &amp; promotional gifting</span></li>\n</ul>",,,taxable,,1,,,0,0,,,,,0,,,,Pen,,,https://giftingdestiny.com/wp-content/uploads/2026/01/2-2.webp,,,,,,,,,0,
3005,simple,,,"Premium 8″ × 12″ Personalized LED Photo Frame – Elegant Wooden Finish with Backlit Glow",1,0,visible,,"<strong>Description</strong>\nShowcase your most cherished memories with this 8″ × 12″ personalized LED photo frame, designed with a rich wooden finish and a soft backlit glow that enhances every detail. Ideal for desks, shelves or wall décor, this elegant frame adds warmth and charm to any space. A perfect choice for birthdays, anniversaries, weddings, festive gifting and special occasions, turning photos into glowing keepsakes.",,,taxable,,1,,,0,0,,,,,0,,,,"LED Light Frames",,,https://giftingdestiny.com/wp-content/uploads/2026/01/2-2-21.webp,,,,,,,,,0,
3042,simple,,,"Corporate Gift Promotional Blue Color Diary & Metal Pen Set",1,0,visible,,"<strong>Description</strong>\n<span style=""font-weight: 400;"">Enhance your brand presence with this premium corporate promotional gift set featuring a stylish blue leather-finish diary with a sleek metal closure and a matching blue metal pen. Perfect for corporate events, employee gifting, conferences and branding promotions. Delivered in an elegant gift box for a polished presentation.</span>",,,taxable,,1,,,0,0,,,,,0,,,,Diery,,,https://giftingdestiny.com/wp-content/uploads/2026/01/2-2-34-1.webp,,,,,,,,,0,
3045,simple,,,"Premium Corporate Gift Set – 2-in-1 Executive Combo (Black & Gold Diary & Pen)",1,0,visible,,"<strong>Description</strong>\nMake a lasting impression with this premium 2-in-1 corporate gift set featuring a sleek black leather-finish diary accented with a stylish gold clasp and a matching black-and-gold metal pen. Designed for professionals, this elegant combo is perfect for corporate gifting, client appreciation, festive occasions and executive use. Comes neatly packed in a premium gift box for a refined presentation.",,,taxable,,1,,,0,0,,,,,0,,,,Diery,,,https://giftingdestiny.com/wp-content/uploads/2026/01/2-2-34-1-1.webp,,,,,,,,,0,
3047,simple,,,"Premium Corporate Gift Set Grey Cloudy Diary & Pen Combos",1,0,visible,,"<strong>Description</strong>\nA unique cloudy grey diary paired with a premium pen, offering a modern and sophisticated look for corporate and executive gifting.",,,taxable,,1,,,0,0,,,,,0,,,,Diery,,,,,,,,,,,,0,
3048,simple,,,"Premium Corporate Gift Set Grey Diary & Pen Combos",1,0,visible,,"<strong>Description</strong>\nMinimalist and professional, this grey diary and pen set makes an excellent corporate gift for executives and business events.",,,taxable,,1,,,0,0,,,,,0,,,,Diery,,,,,,,,,,,,0,
3049,simple,,,"Premium Corporate Gift Set Blue Diary & Pen Combos",1,0,visible,,"<strong>Description</strong>\nA modern executive combo featuring a blue diary and pen, designed for professionals who appreciate style and functionality.",,,taxable,,1,,,0,0,,,,,0,,,,Diery,,,,,,,,,,,,0,
3050,simple,,,"Premium Corporate Gift Set Black Diary & Pen Combos",1,0,visible,,"<strong>Description</strong>\nA timeless black diary paired with a premium pen, packed in a gift box. Perfect for formal corporate gifting and professional use.",,,taxable,,1,,,0,0,,,,,0,,,,Diery,,,,,,,,,,,,0,
3051,simple,,,"Premium Corporate Gift Set Light Brown Diary & Pen Combos",1,0,visible,,"<strong>Description</strong>\nStylish and professional, this executive gift set includes a light brown diary and matching pen, perfect for meetings, conferences and corporate giveaways.",,,taxable,,1,,,0,0,,,,,0,,,,Diery,,,,,,,,,,,,0,
3052,simple,,,"Premium Corporate Gift Set Brown Diary & Pen Combos",1,0,visible,,"<strong>Description</strong>\nAn elegant 2-in-1 executive gift set featuring a premium brown leather-finish diary paired with a sleek pen. Ideal for corporate gifting, awards and executive use.",,,taxable,,1,,,0,0,,,,,0,,,,Diery,,,https://giftingdestiny.com/wp-content/uploads/2026/01/2-2-34-2.webp,,,,,,,,,0,
3054,simple,,,"Premium Sublimation Ink Set – 6 Colors (100ML Each)",1,0,visible,,"<strong>Description</strong>\nProfessional-grade sublimation ink set including six vibrant colors for sharp, long-lasting heat transfer prints. Ideal for mugs, textiles, mouse pads and customized gifts.",,,taxable,,1,,,0,0,,,,,0,,,,"Sublimation Accessories",,,https://giftingdestiny.com/wp-content/uploads/2026/01/2-2-34-3.webp,,,,,,,,,0,
3056,simple,,,"Heat Resistant Sublimation Tape (10mm x 30m)",1,0,visible,,"<strong>Description</strong>\nReliable heat-resistant sublimation tape designed to securely hold transfer paper during printing. Withstands high temperatures without residue, ensuring clean and accurate results.",,,taxable,,1,,,0,0,,,,,0,,,,"Sublimation Accessories",,,https://giftingdestiny.com/wp-content/uploads/2026/01/2-2-34-4.webp,,,,,,,,,0,
3058,simple,,,"Premium Sublimation Blank Mouse Pad for Custom Printing",1,0,visible,,"<strong>Description</strong>\nHigh-quality printable mouse pad designed for sharp sublimation prints. Smooth surface ensures precise mouse movement, making it ideal for corporate branding, gifts and promotional use.",,,taxable,,1,,,0,0,,,,,0,,,,"Sublimation Accessories",,,https://giftingdestiny.com/wp-content/uploads/2026/01/2-2-34-5.webp,,,,,,,,,0,
3069,simple,,,"Premium Heart Handle Sublimation Mug - White Exterior with Yellow Green Colored Interior & Handle",1,0,visible,,"<strong>Description</strong>\nRefresh your gifting style with this heart-handle sublimation mug featuring a lively yellow green interior and handle. The vibrant color paired with a white exterior makes it perfect for creative designs, festive gifting and cheerful coffee breaks.",,,taxable,,1,,,0,0,,,,,0,,,,"Sublimation Mugs",,,https://giftingdestiny.com/wp-content/uploads/2026/01/Premium-Heart-Handle-Sublimation-Mug-White-Exterior-with-Yellow-Green-Colored-Interior-Handle.webp,,,,,,,,,0,
3070,simple,,,"Premium Heart Handle Sublimation Mug - White Exterior with White Colored Interior & Handle",1,0,visible,,"<strong>Description</strong>\nA perfect blend of simplicity and elegance, this all-white heart-handle sublimation mug is designed for clean, sharp custom prints. Ideal for corporate branding, minimalist gifts and everyday elegance.",,,taxable,,1,,,0,0,,,,,0,,,,"Sublimation Mugs",,,https://giftingdestiny.com/wp-content/uploads/2026/01/1-2-1.webp,,,,,,,,,0,
3071,simple,,,"Premium Heart Handle Sublimation Mug - White Exterior with Red Colored Interior & Handle",1,0,visible,,"<strong>Description</strong>\nExpress warmth and love with this elegant heart-handle sublimation mug. Featuring a striking red interior and handle, it’s ideal for romantic gifts, personalized messages and memorable keepsakes that stand out beautifully.",,,taxable,,1,,,0,0,,,,,0,,,,"Sublimation Mugs",,,https://giftingdestiny.com/wp-content/uploads/2026/01/Premium-Heart-Handle-Sublimation-Mug-White-Exterior-with-Red-Colored-Interior-Handle.webp,,,,,,,,,0,
3072,simple,,,"Premium Heart Handle Sublimation Mug - White Exterior with Orange Colored Interior & Handle",1,0,visible,,"<strong>Description</strong>\nBrighten every sip with this stylish heart-handle sublimation mug. The energetic orange interior and handle add a lively touch, while the white exterior ensures flawless customization. Perfect for festive gifting, promotions and cheerful mornings.",,,taxable,,1,,,0,0,,,,,0,,,,"Sublimation Mugs",,,https://giftingdestiny.com/wp-content/uploads/2026/01/Premium-Heart-Handle-Sublimation-Mug-White-Exterior-with-Orange-Colored-Interior-Handle.webp,,,,,,,,,0,
3073,simple,,,"Premium Heart Handle Sublimation Mug - White Exterior with Navy Blue Colored Interior & Handle",1,0,visible,,"<strong>Description</strong>\nExperience timeless elegance with this heart-handle sublimation mug featuring a rich navy blue interior and handle. Crafted for durability and high-quality sublimation printing, it’s ideal for professional gifting, branding or daily use.",,,taxable,,1,,,0,0,,,,,0,,,,"Sublimation Mugs",,,https://giftingdestiny.com/wp-content/uploads/2026/01/Premium-Heart-Handle-Sublimation-Mug-White-Exterior-with-Navy-Blue-Colored-Interior-Handle.webp,,,,,,,,,0,
3074,simple,,,"Premium Heart Handle Sublimation Mug - White Exterior with Mandys Pink Colored Interior & Handle",1,0,visible,,"<strong>Description</strong>\nDesigned to spread love, this heart-handle sublimation mug comes with a soft Mandys pink interior and handle. The glossy white exterior makes it perfect for personalized designs, making it a thoughtful gift for birthdays, Valentine’s Day and special occasions.",,,taxable,,1,,,0,0,,,,,1,,,,"Sublimation Mugs",,,"https://giftingdestiny.com/wp-content/uploads/2026/01/Premium-Heart-Handle-Sublimation-Mug-White-Exterior-with-Mandys-Pink-Colored-Interior-Handle.webp, https://giftingdestiny.com/wp-content/uploads/2026/01/Premium-Heart-Handle-Sublimation-Mug-White-Exterior-with-Mandys-Pink-Colored-Interior-Handle.webp",,,,,,,,,0,
3075,simple,,,"Premium Heart Handle Sublimation Mug - White Exterior with Black Colored Interior & Handle",1,0,visible,,"<strong>Description</strong>\nAdd a bold touch to your gifting with this premium heart-handle sublimation mug. Featuring a glossy white exterior with a classy black interior and heart-shaped handle, it’s perfect for custom prints, photos or logos. Ideal for corporate gifting, anniversaries and everyday coffee moments.",,,taxable,,1,,,0,0,,,,,0,,,,"Sublimation Mugs",,,https://giftingdestiny.com/wp-content/uploads/2026/01/2-2-34-6.webp,,,,,,,,,0,
3078,simple,,,"Premium Black Men’s Bi-Fold Wallet with Elegant Gift Box",1,0,visible,,"<strong>Description</strong>\nExperience timeless style with this Premium Black Men’s Bi-Fold Wallet, crafted with a sleek leather-finish surface and refined contrast stitching for a classic, professional look. Designed to be slim, durable and functional, it neatly organizes cash and cards without adding bulk. Presented in an elegant gift box, this wallet makes a thoughtful choice for birthdays, festivals, anniversaries and corporate gifting.",,,taxable,,1,,,0,0,,,,,0,,,,"Wallet Combo set",,,https://giftingdestiny.com/wp-content/uploads/2026/01/2-2-34-8.webp,,,,,,,,,0,
3080,simple,,,"Premium Dark Blue Men’s Bi-Fold Wallet with Stylish Gift Box",1,0,visible,,"<strong>Description</strong>\nUpgrade everyday essentials with this Premium Dark Blue Men’s Bi-Fold Wallet, designed with a smooth leather-finish texture and refined contrast stitching for a sophisticated look. Its slim yet functional design offers ample space for cash and cards while maintaining comfort in your pocket. Elegantly packed in a premium gift box, it’s an ideal choice for birthdays, festive gifting, anniversaries and corporate occasions.",,,taxable,,1,,,0,0,,,,,0,,,,"Wallet Combo set",,,https://giftingdestiny.com/wp-content/uploads/2026/01/2-2-34-9.webp,,,,,,,,,0,
3082,simple,,,"Premium Green Men’s Bi-Fold Wallet with Elegant Gift Box",1,0,visible,,"<strong>Description</strong>\nMake a refined style statement with this Premium Green Men’s Bi-Fold Wallet, crafted with a smooth leather-finish surface and neat contrast stitching for a modern yet timeless appeal. Designed for daily use, it offers a slim profile with ample space for cash and cards. Presented in an attractive gift box, it’s an excellent choice for birthdays, festive celebrations, anniversaries and corporate gifting.",,,taxable,,1,,,0,0,,,,,0,,,,"Combo sets",,,https://giftingdestiny.com/wp-content/uploads/2026/01/2-2-34-10.webp,,,,,,,,,0,
3084,simple,,,"Premium Dark Brown Men’s Bi-Fold Wallet with Classic Gift Box",1,0,visible,,"<strong>Description</strong>\nAdd a touch of timeless elegance with this Premium Dark Brown Men’s Bi-Fold Wallet, designed for everyday sophistication. Crafted with a smooth leather-finish texture and fine contrast stitching, this wallet offers a sleek profile while providing ample space for cards and cash. Presented in a stylish gift box, it’s an ideal choice for birthdays, festive occasions, anniversaries and corporate gifting.",,,taxable,,1,,,0,0,,,,,0,,,,"Combo sets",,,https://giftingdestiny.com/wp-content/uploads/2026/01/2-2-34-11.webp,,,,,,,,,0,
3086,simple,,,"Premium Grey Men’s Bi-Fold Wallet with Elegant Gift Box",1,0,visible,,"<strong>Description</strong>\nUpgrade everyday essentials with this Premium Grey Men’s Bi-Fold Wallet, crafted for a modern and refined look. Featuring a smooth leather-textured finish with subtle contrast stitching, this wallet offers durability, comfort and a slim profile for easy carry. Designed to neatly organize cash and cards, it comes packed in a stylish gift box, making it a perfect choice for birthdays, anniversaries, festive gifting and corporate presents.",,,taxable,,1,,,0,0,,,,,0,,,,"Combo sets",,,https://giftingdestiny.com/wp-content/uploads/2026/01/2-2-34-12.webp,,,,,,,,,0,
3088,simple,,,"Classic Tan Men’s Bi-Fold Leather Wallet with Gift Box",1,0,visible,,"<strong>Description</strong>\nAdd a touch of timeless elegance to everyday carry with this Classic Tan Men’s Bi-Fold Leather Wallet. Designed with a smooth leather finish and neat contrast stitching, it offers a perfect balance of style, durability and practicality. Compact yet spacious, it comfortably holds cash and cards while maintaining a slim profile. Packed in a presentable gift box, it’s an ideal choice for birthdays, festive gifting, corporate gifting and special occasions.",,,taxable,,1,,,0,0,,,,,0,,,,"Combo sets",,,https://giftingdestiny.com/wp-content/uploads/2026/01/2-2-34-13.webp,,,,,,,,,0,
3090,simple,,,"Premium Brown Men’s Bi-Fold Leather Wallet with Elegant Gift Box",1,0,visible,,"<strong>Description</strong>\nUpgrade everyday essentials with this Premium Brown Men’s Bi-Fold Leather Wallet, crafted for men who value style, durability and functionality. Featuring a smooth leather finish with fine contrast stitching, this wallet offers ample space for cards and cash while maintaining a sleek, slim profile. Presented in a stylish gift box, it makes an ideal choice for birthdays, anniversaries, festive gifting, corporate gifts and special occasions—a timeless accessory that complements both casual and formal looks.",,,taxable,,1,,,0,0,,,,,0,,,,"Combo sets",,,https://giftingdestiny.com/wp-content/uploads/2026/01/2-2-34-14.webp,,,,,,,,,0,
3093,simple,,,"Classic 3-in-1 Dark Brown Wallet Combo Gift Set – Wallet, Pen & Keychain",1,0,visible,,"<strong>Description</strong>\nElevate your gifting with this Classic 3-in-1 Dark Brown Wallet Gift Set, designed for timeless elegance and everyday practicality. The set includes a premium dark brown wallet with fine contrast stitching, a sleek matching pen and a durable metal keychain, all neatly presented in an elegant gift box. Ideal for corporate gifting, festive occasions, birthdays, anniversaries and professional milestones, this combo offers a perfect blend of style, durability and utility, making it a thoughtful gift for every occasion.",,,taxable,,1,,,0,0,,,,,0,,,,"Combo sets",,,https://giftingdestiny.com/wp-content/uploads/2026/01/2-2-34-15.webp,,,,,,,,,0,
3095,simple,,,"Elegant 3-in-1 Light Brown Wallet Combo Gift Set – Wallet, Pen & Keychain",1,0,visible,,"<strong>Description</strong>\nMake a refined gifting choice with this Elegant 3-in-1 Light Brown Wallet Gift Set, crafted for everyday sophistication. The set features a classic light brown wallet with neat contrast stitching, a stylish matching pen and a durable metal keychain, beautifully packed in an elegant gift box. Ideal for corporate gifting, festive celebrations, birthdays, anniversaries and special occasions, this combo blends timeless style with practical utility, making it a thoughtful and lasting gift.",,,taxable,,1,,,0,0,,,,,0,,,,"Wallet Combo set",,,https://giftingdestiny.com/wp-content/uploads/2026/01/2-2-34-16.webp,,,,,,,,,0,
3097,simple,,,"Premium 3-in-1 Maroon Wallet Combo Gift Set – Wallet, Pen & Keychain in Elegant Box",1,0,visible,,"<strong>Description</strong>\nAdd a touch of elegance to everyday essentials with this Premium 3-in-1 Maroon Wallet Combo Gift Set. Featuring a rich maroon wallet with fine contrast stitching, a matching smooth-finish pen and a sturdy metal keychain, this thoughtfully curated set is presented in a stylish gift box. Ideal for corporate gifting, festive occasions, birthdays, anniversaries and professional giveaways, this combo blends classic design, durability and timeless appeal.",,,taxable,,1,,,0,0,,,,,0,,,,"Combo sets",,,https://giftingdestiny.com/wp-content/uploads/2026/01/2-2-34-17.webp,,,,,,,,,0,
3099,simple,,,"Premium 3-in-1 Black Wallet Gift Set – Classic Wallet, Pen & Keychain in Elegant Box",1,0,visible,,"<strong>Description</strong>\nElevate everyday essentials with this Premium 3-in-1 Black Wallet Gift Set, designed for timeless style and daily practicality. Featuring a sleek black wallet with contrast stitching, a smooth-finish pen and a durable metal keychain, this set comes neatly packed in an elegant presentation box. Ideal for corporate gifting, birthdays, anniversaries, festive occasions and professional giveaways, this combo delivers simplicity, sophistication and lasting value.",,,taxable,,1,,,0,0,,,,,0,,,,"Combo sets",,,https://giftingdestiny.com/wp-content/uploads/2026/01/2-2-34-18.webp,,,,,,,,,0,
3101,simple,,,"Premium 4-in-1 Corporate Executive Gift Set – Sophisticated Lava Finish Diary, Card Holder, Pen & Keychain",1,0,visible,,"<strong>Description</strong>\nMake a lasting professional impression with this Premium 4-in-1 Lava Executive Gift Set, crafted in a refined dark lava fabric finish for a bold and modern look. The set includes a sleek executive diary, matching card holder, premium metal pen and durable keychain, all elegantly arranged in a luxury presentation box. Perfect for corporate gifting, client appreciation, employee rewards, onboarding kits and festive occasions, this combo reflects class, functionality and executive style.",,,taxable,,1,,,0,0,,,,,0,,,,"Wallet Combo set",,,,,,,,,,,,0,
3793,simple,,,"Premium Customizable Fur Cushion – Soft Square Blue Pillow with White Center Panel",1,0,visible,,"<strong>Description</strong>\nAdd a touch of comfort and personalization to any space with this luxurious blue fur cushion, featuring a soft plush border and a smooth white center panel designed for photo or text sublimation. Its cozy texture and elegant look make it an ideal gift for birthdays, anniversaries, baby showers, festive occasions or stylish home decor. Customize it with cherished memories to create a truly meaningful keepsake.",,,taxable,,1,,,0,0,,,,,0,,,,Pillow,,,"https://giftingdestiny.com/wp-content/uploads/2026/01/image4.webp, https://giftingdestiny.com/wp-content/uploads/2026/01/image2.webp, https://giftingdestiny.com/wp-content/uploads/2026/01/image3.webp",,,,,,,,,0,
3801,simple,,,"Premium Customizable Fur Cushion – Soft Square Purple Pillow with White Center Panell",1,0,visible,,"<strong>Description</strong>\nAdd a touch of elegance and creativity to your gifts with this luxuriously soft purple fur cushion, featuring a smooth white center panel ideal for personalized photo or text sublimation. Its rich color, plush feel and premium finish make it a perfect choice for birthdays, anniversaries, Valentine’s Day, festive gifting or stylish home decor. A beautiful blend of comfort, color and customization.",,,taxable,,1,,,0,0,,,,,0,,,,Pillow,,,"https://giftingdestiny.com/wp-content/uploads/2026/01/image-13.webp, https://giftingdestiny.com/wp-content/uploads/2026/01/IMG_0448-scaled.jpeg, https://giftingdestiny.com/wp-content/uploads/2026/01/image-16.webp",,,,,,,,,0,
4671,simple,,,"Round keychain",1,0,visible,,"<strong>Description</strong>\n* Stylish &amp; Good Quality Keychain\n* Water Resistant, Wipe with a dry/damp cloth to clean. * All items are in kind photography due to the different light material or display may have a slight color difference.\n* Sturdy and eye-catching, Excellent product\nfor personal use or for gifting.\n* Ample branding area",,,taxable,,1,,,0,0,,,,,0,,,,Keychains,,,"https://giftingdestiny.com/wp-content/uploads/2026/03/1.webp, https://giftingdestiny.com/wp-content/uploads/2026/03/1.webp",,,,,,,,,0,
4673,simple,,,"House keychain",1,0,visible,,"<strong>Description</strong>\n\n* Stylish &amp; Good Quality Keychain\n* Water Resistant, Wipe with a dry/damp cloth to clean. * All items are in kind photography due to the different light material or display may have a slight color difference.\n* Sturdy and eye-catching, Excellent product\nfor personal use or for gifting.\n* Ample branding area",,,taxable,,1,,,0,0,,,,,0,,,,Keychains,,,"https://giftingdestiny.com/wp-content/uploads/2026/03/HOUSE-KEYCHAIN-3.webp, https://giftingdestiny.com/wp-content/uploads/2026/03/HOUSE-KEYCHAIN-3.webp, https://giftingdestiny.com/wp-content/uploads/2026/03/HOUSE-KEYCHAIN-2.webp, https://giftingdestiny.com/wp-content/uploads/2026/03/HOUSE-KEYCHAIN-1.webp",,,,,,,,,0,
4677,simple,,,"Oval keychain",1,0,visible,,"<strong>Description</strong>\n* Stylish &amp; Good Quality Keychain\n* Water Resistant, Wipe with a dry/damp cloth to clean. * All items are in kind photography due to the different light material or display may have a slight color difference.\n* Sturdy and eye-catching, Excellent product\nfor personal use or for gifting.\n* Ample branding area",,,taxable,,1,,,0,0,,,,,0,,,,Keychains,,,"https://giftingdestiny.com/wp-content/uploads/2026/03/Oval-Keychain-2.webp, https://giftingdestiny.com/wp-content/uploads/2026/03/Oval-Keychain-2-1.webp, https://giftingdestiny.com/wp-content/uploads/2026/03/Oval-Keychain-1-1.webp",,,,,,,,,0,
4682,simple,,,"Bottle opener",1,0,visible,,"<strong>Description</strong>\n\n* Stylish &amp; Good Quality Keychain\n* Water Resistant, Wipe with a dry/damp cloth to clean. * All items are in kind photography due to the different light material or display may have a slight color difference.\n* Sturdy and eye-catching, Excellent product\nfor personal use or for gifting.\n* Ample branding area",,,taxable,,1,,,0,0,,,,,0,,,,Keychains,,,"https://giftingdestiny.com/wp-content/uploads/2026/03/Bottle-Opener-04.webp, https://giftingdestiny.com/wp-content/uploads/2026/03/Bottle-Opener-04.webp, https://giftingdestiny.com/wp-content/uploads/2026/03/Bottle-Opener-03.webp, https://giftingdestiny.com/wp-content/uploads/2026/03/Bottle-Opener-02.webp, https://giftingdestiny.com/wp-content/uploads/2026/03/Bottle-Opener-01.webp",,,,,,,,,0,
4687,simple,,,"Hook keychain",1,0,visible,,"<strong>Description\n</strong>* Stylish &amp; Good Quality Keychain\n* Water Resistant, Wipe with a dry/damp cloth to clean. * All items are in kind photography due to the different light material or display may have a slight color difference.\n* Sturdy and eye-catching, Excellent product\nfor personal use or for gifting.\n* Ample branding area",,,taxable,,1,,,0,0,,,,,0,,,,Keychains,,,"https://giftingdestiny.com/wp-content/uploads/2026/03/Hook-keychain-3.webp, https://giftingdestiny.com/wp-content/uploads/2026/03/Hook-keychain-4.webp, https://giftingdestiny.com/wp-content/uploads/2026/03/Hook-keychain-2.webp, https://giftingdestiny.com/wp-content/uploads/2026/03/Hook-keychain-1.webp, https://giftingdestiny.com/wp-content/uploads/2026/03/Hook-keychain-3.webp",,,,,,,,,0,
4692,simple,,,"Johnson sr-key-3+1",1,0,visible,,"<strong>Description</strong>\n* Stylish &amp; Good Quality Keychain\n* Water Resistant, Wipe with a dry/damp cloth to clean. * All items are in kind photography due to the different light material or display may have a slight color difference.\n* Sturdy and eye-catching, Excellent product\nfor personal use or for gifting.\n* Ample branding area",,,taxable,,1,,,0,0,,,,,0,,,,Keychains,,,"https://giftingdestiny.com/wp-content/uploads/2026/03/JOHNSON-SR-KEY-2.webp, https://giftingdestiny.com/wp-content/uploads/2026/03/JOHNSON-SR-KEY-1.webp, https://giftingdestiny.com/wp-content/uploads/2026/03/JOHNSON-SR-KEY-2.webp",,,,,,,,,0,
4696,simple,,,"Johnson sr-key-3+1",1,0,visible,,"<strong>Description</strong>\n\n* Stylish &amp; Good Quality Keychain\n* Water Resistant, Wipe with a dry/damp cloth to clean. * All items are in kind photography due to the different light material or display may have a slight color difference.\n* Sturdy and eye-catching, Excellent product\nfor personal use or for gifting.\nAmple branding area",,,taxable,,1,,,0,0,,,,,0,,,,Keychains,,,"https://giftingdestiny.com/wp-content/uploads/2026/03/JOHNSON-SR-KEY-2-1.webp, https://giftingdestiny.com/wp-content/uploads/2026/03/JOHNSON-SR-KEY-2-1.webp, https://giftingdestiny.com/wp-content/uploads/2026/03/JOHNSON-SR-KEY-1-1.webp",,,,,,,,,0,
4699,simple,,,"8 shape keychain sr-key",1,0,visible,,"<strong>Description\n</strong>* Stylish &amp; Good Quality Keychain\n* Water Resistant, Wipe with a dry/damp cloth to clean. * All items are in kind photography due to the different light material or display may have a slight color difference.\n* Sturdy and eye-catching, Excellent product for personal use or for gifting.\n* Ample branding area\n* Color: Black",,,taxable,,1,,,0,0,,,,,0,,,,Keychains,,,"https://giftingdestiny.com/wp-content/uploads/2026/03/8-SHAPE-KEYCHAIN-SR-03.webp, https://giftingdestiny.com/wp-content/uploads/2026/03/8-SHAPE-KEYCHAIN-SR-03.webp, https://giftingdestiny.com/wp-content/uploads/2026/03/8-SHAPE-KEYCHAIN-SR-02.webp, https://giftingdestiny.com/wp-content/uploads/2026/03/8-SHAPE-KEYCHAIN-SR-01.webp",,,,,,,,,0,
4703,simple,,,"8 shape keychain sr-key",1,0,visible,,"<strong>Description\n</strong>* Stylish &amp; Good Quality Keychain\n* Water Resistant, Wipe with a dry/damp cloth to clean. * All items are in kind photography due to the different light material or display may have a slight color difference.\n* Sturdy and eye-catching, Excellent product for personal use or for gifting.\n* Ample branding area\n* Color: Brown",,,taxable,,1,,,0,0,,,,,0,,,,Keychains,,,"https://giftingdestiny.com/wp-content/uploads/2026/03/8-SHAPE-KEYCHAIN-SR-KEY-03.webp, https://giftingdestiny.com/wp-content/uploads/2026/03/8-SHAPE-KEYCHAIN-SR-KEY-1.webp, https://giftingdestiny.com/wp-content/uploads/2026/03/8-SHAPE-KEYCHAIN-SR-KEY-02.webp, https://giftingdestiny.com/wp-content/uploads/2026/03/8-SHAPE-KEYCHAIN-SR-KEY-03.webp",,,,,,,,,0,
4707,simple,,,"Bottle opener sr-key-07",1,0,visible,,"<strong>Description</strong>\n* Stylish &amp; Good Quality Keychain\n* Water Resistant, Wipe with a dry/damp cloth to clean. * All items are in kind photography due to the different light material or display may have a slight color difference.\n* Sturdy and eye-catching, Excellent product for personal use or for gifting.\n* Ample branding area * Color: Rose Gold",,,taxable,,1,,,0,0,,,,,0,,,,Keychains,,,"https://giftingdestiny.com/wp-content/uploads/2026/03/BOTTLE-OPENER-SR-KEY-07-03.webp, https://giftingdestiny.com/wp-content/uploads/2026/03/BOTTLE-OPENER-SR-KEY-07-03.webp, https://giftingdestiny.com/wp-content/uploads/2026/03/BOTTLE-OPENER-SR-KEY-07-02.webp, https://giftingdestiny.com/wp-content/uploads/2026/03/BOTTLE-OPENER-SR-KEY-07-1.webp",,,,,,,,,0,
4711,simple,,,"Bottle opener sr-key-07",1,0,visible,,"<strong>Description</strong>\n\n* Stylish &amp; Good Quality Keychain\n* Water Resistant, Wipe with a dry/damp cloth to clean. * All items are in kind photography due to the different light material or display may have a slight color difference.\n* Sturdy and eye-catching, Excellent product for personal use or for gifting.\n* Ample branding area\n* Color: Sliver with Cork",,,taxable,,1,,,0,0,,,,,0,,,,Keychains,,,"https://giftingdestiny.com/wp-content/uploads/2026/03/BOTTLE-OPENER-SR-KEY-07-01.webp, https://giftingdestiny.com/wp-content/uploads/2026/03/BOTTLE-OPENER-SR-KEY-0-02.webp, https://giftingdestiny.com/wp-content/uploads/2026/03/BOTTLE-OPENER-SR-KEY-07-01.webp",,,,,,,,,0,
4715,simple,,,"Bottle opener sr-key-07",1,0,visible,,"<strong>Description\n</strong>* Stylish &amp; Good Quality Keychain\n* Water Resistant, Wipe with a dry/damp cloth to clean. * All items are in kind photography due to the different light material or display may have a slight color difference.\n* Sturdy and eye-catching, Excellent product for personal use or for gifting.\n* Ample branding area * Color: Gold with Black",,,taxable,,1,,,0,0,,,,,0,,,,Keychains,,,"https://giftingdestiny.com/wp-content/uploads/2026/03/Bottle-opener-sr-key-07.webp, https://giftingdestiny.com/wp-content/uploads/2026/03/Bottle-opener-sr-key-07.webp, https://giftingdestiny.com/wp-content/uploads/2026/03/BOTTLE-OPENER-SR-KEY-07-01-2.webp, https://giftingdestiny.com/wp-content/uploads/2026/03/BOTTLE-OPENER-SR-KEY-07-01-1.webp, https://giftingdestiny.com/wp-content/uploads/2026/03/BOTTLE-OPENER-SR-KEY-07-01-3.webp",,,,,,,,,0,
4820,simple,,,"Bottle opener sr-key-07",1,0,visible,,"<strong>Description</strong>\n* Stylish &amp; Good Quality Keychain\n* Water Resistant, Wipe with a dry/damp cloth to clean. * All items are in kind photography due to the different light material or display may have a slight color difference.\n* Sturdy and eye-catching, Excellent product for personal use or for gifting.\n* Ample branding area\n* Color: Gold with Brown",,,taxable,,1,,,0,0,,,,,0,,,,Keychains,,,"https://giftingdestiny.com/wp-content/uploads/2026/03/Bottle-opener-sr-key-07-2.webp, https://giftingdestiny.com/wp-content/uploads/2026/03/Bottle-opener-sr-key-07-3.webp, https://giftingdestiny.com/wp-content/uploads/2026/03/Bottle-opener-sr-key-07-2.webp, https://giftingdestiny.com/wp-content/uploads/2026/03/Bottle-opener-sr-key-07-1-1.webp",,,,,,,,,0,
4824,simple,,,"Bottle opener sr-key-07",1,0,visible,,"<strong>Description</strong>\n\n* Stylish &amp; Good Quality Keychain\n* Water Resistant, Wipe with a dry/damp cloth to clean. * All items are in kind photography due to the different light material or display may have a slight color difference.\n* Sturdy and eye-catching, Excellent product for personal use or for gifting.\n* Ample branding area * Color: Silver with Grey",,,taxable,,1,,,0,0,,,,,0,,,,Keychains,,,"https://giftingdestiny.com/wp-content/uploads/2026/03/BOTTLE-OPENER-SR-KEY-07-5.webp, https://giftingdestiny.com/wp-content/uploads/2026/03/BOTTLE-OPENER-SR-KEY-07-7.webp, https://giftingdestiny.com/wp-content/uploads/2026/03/BOTTLE-OPENER-SR-KEY-07-6.webp, https://giftingdestiny.com/wp-content/uploads/2026/03/BOTTLE-OPENER-SR-KEY-07-5.webp, https://giftingdestiny.com/wp-content/uploads/2026/03/BOTTLE-OPENER-SR-KEY-07-4.webp",,,,,,,,,0,
4829,simple,,,"Keychain sr-key-09",1,0,visible,,"<strong>Description</strong>\n\n* Stylish &amp; Good Quality Keychain\n* Water Resistant, Wipe with a dry/damp cloth to clean. * All items are in kind photography due to the different light material or display may have a slight color difference.\n* Sturdy and eye-catching, Excellent product for personal use or for gifting.\n* Ample branding area\n* Color: Red",,,taxable,,1,,,0,0,,,,,0,,,,Keychains,,,"https://giftingdestiny.com/wp-content/uploads/2026/03/KEYCHAIN-SR-KEY-09.webp, https://giftingdestiny.com/wp-content/uploads/2026/03/KEYCHAIN-SR-KEY-09.webp",,,,,,,,,0,
4832,simple,,,"Keychain sr-key-09",1,0,visible,,"<strong>Description</strong>\n\n* Stylish &amp; Good Quality Keychain\n* Water Resistant, Wipe with a dry/damp cloth to clean. * All items are in kind photography due to the different light material or display may have a slight color difference.\n* Sturdy and eye-catching, Excellent product for personal use or for gifting.\n* Ample branding area\n* Color: Black",,,taxable,,1,,,0,0,,,,,0,,,,Keychains,,,"https://giftingdestiny.com/wp-content/uploads/2026/03/KEYCHAIN-SR-KEY-09-1.webp, https://giftingdestiny.com/wp-content/uploads/2026/03/KEYCHAIN-SR-KEY-09-2.webp, https://giftingdestiny.com/wp-content/uploads/2026/03/KEYCHAIN-SR-KEY-09-1.webp",,,,,,,,,0,
4836,simple,,,"Square bamboo keychain sr-key-10",1,0,visible,,"<strong>Description\n</strong>* Stylish &amp; Good Quality Keychain\n* Water Resistant, Wipe with a dry/damp cloth to clean. * All items are in kind photography due to the different light material or display may have a slight color difference.\n* Sturdy and eye-catching, Excellent product for personal use or for gifting.\n* Ample branding area",,,taxable,,1,,,0,0,,,,,0,,,,Keychains,,,"https://giftingdestiny.com/wp-content/uploads/2026/03/2-1.webp, https://giftingdestiny.com/wp-content/uploads/2026/03/1-1.webp, https://giftingdestiny.com/wp-content/uploads/2026/03/3-1.webp",,,,,,,,,0,
4878,simple,,,"Bamboo round keychain sr-key-11",1,0,visible,,"<strong>Description</strong>\n\n* Stylish &amp; Good Quality Keychain\n* Water Resistant, Wipe with a dry/damp cloth to clean. * All items are in kind photography due to the different light material or display may have a slight color difference.\n* Sturdy and eye-catching, Excellent product for personal use or for gifting.\n* Ample branding area",,,taxable,,1,,,0,0,,,,,0,,,,Keychains,,,"https://giftingdestiny.com/wp-content/uploads/2026/03/2-2.webp, https://giftingdestiny.com/wp-content/uploads/2026/03/3-2.webp, https://giftingdestiny.com/wp-content/uploads/2026/03/2-2.webp, https://giftingdestiny.com/wp-content/uploads/2026/03/1-2.webp",,,,,,,,,0,
4882,simple,,,"Bamboo round keychain sr-key-21",1,0,visible,,"<strong>Description\n</strong>* Stylish &amp; Good Quality Keychain\n* Water Resistant, Wipe with a dry/damp cloth to clean. * All items are in kind photography due to the different light material or display may have a slight color difference.\n* Sturdy and eye-catching, Excellent product for personal use or for gifting.\n* Ample branding area",,,taxable,,1,,,0,0,,,,,0,,,,Keychains,,,"https://giftingdestiny.com/wp-content/uploads/2026/03/2-3.webp, https://giftingdestiny.com/wp-content/uploads/2026/03/2-3-1.webp, https://giftingdestiny.com/wp-content/uploads/2026/03/1-3.webp",,,,,,,,,0,
4888,simple,,,"Oval full black keychain sr-key-04",1,0,visible,,"<strong>Description\n</strong>* Stylish &amp; Good Quality Keychain\n* Water Resistant, Wipe with a dry/damp cloth to clean. * All items are in kind photography due to the different light material or display may have a slight color difference.\n* Sturdy and eye-catching, Excellent product for personal use or for gifting.\n* Ample branding area",,,taxable,,1,,,0,0,,,,,0,,,,Keychains,,,"https://giftingdestiny.com/wp-content/uploads/2026/03/2-4.webp, https://giftingdestiny.com/wp-content/uploads/2026/03/1-4.webp, https://giftingdestiny.com/wp-content/uploads/2026/03/2-4.webp",,,,,,,,,0,
4892,simple,,,"Round keychain sr-key-06",1,0,visible,,"<strong>Description</strong>\n\n* Stylish &amp; Good Quality Keychain\n* Water Resistant, Wipe with a dry/damp cloth to clean. * All items are in kind photography due to the different light material or display may have a slight color difference.\n* Sturdy and eye-catching, Excellent product for personal use or for gifting.\n* Ample branding area",,,taxable,,1,,,0,0,,,,,0,,,,Keychains,,,"https://giftingdestiny.com/wp-content/uploads/2026/03/3-5.webp, https://giftingdestiny.com/wp-content/uploads/2026/03/1-5.webp, https://giftingdestiny.com/wp-content/uploads/2026/03/2-5.webp, https://giftingdestiny.com/wp-content/uploads/2026/03/3-5.webp",,,,,,,,,0,
4897,simple,,,"Hexa keychain sr-key-22",1,0,visible,,"<strong>Description</strong>\n\n* Stylish &amp; Good Quality Keychain\n* Water Resistant, Wipe with a dry/damp cloth to clean. * All items are in kind photography due to the different light material or display may have a slight color difference.\n* Sturdy and eye-catching, Excellent product for personal use or for gifting.\n* Ample branding area",,,taxable,,1,,,0,0,,,,,0,,,,Keychains,,,"https://giftingdestiny.com/wp-content/uploads/2026/03/3-6.webp, https://giftingdestiny.com/wp-content/uploads/2026/03/3-6.webp, https://giftingdestiny.com/wp-content/uploads/2026/03/2-6.webp, https://giftingdestiny.com/wp-content/uploads/2026/03/1-6.webp",,,,,,,,,0,
4902,simple,,,"Rectangular keychain sr-key-23",1,0,visible,,"<strong>Description\n</strong>\n\n* Stylish &amp; Good Quality Keychain\n* Water Resistant, Wipe with a dry/damp cloth to clean. * All items are in kind photography due to the different light material or display may have a slight color difference.\n* Sturdy and eye-catching, Excellent product for personal use or for gifting.\n* Ample branding area",,,taxable,,1,,,0,0,,,,,0,,,,Keychains,,,"https://giftingdestiny.com/wp-content/uploads/2026/03/1-7.webp, https://giftingdestiny.com/wp-content/uploads/2026/03/2-7.webp, https://giftingdestiny.com/wp-content/uploads/2026/03/3-7.webp, https://giftingdestiny.com/wp-content/uploads/2026/03/1-7.webp",,,,,,,,,0,
4906,simple,,,"Johnson keychain sr-key-31",1,0,visible,,"<strong>Description</strong>\n\n* Stylish &amp; Good Quality Keychain\n* Water Resistant, Wipe with a dry/damp cloth to clean. * All items are in kind photography due to the different light material or display may have a slight color difference.\n* Sturdy and eye-catching, Excellent product for personal use or for gifting.\n* Ample branding area\n* Color: Brown with Gold",,,taxable,,1,,,0,0,,,,,0,,,,Keychains,,,"https://giftingdestiny.com/wp-content/uploads/2026/03/1-8.webp, https://giftingdestiny.com/wp-content/uploads/2026/03/2-8.webp, https://giftingdestiny.com/wp-content/uploads/2026/03/1-8.webp",,,,,,,,,0,
4910,simple,,,"Hook keychain sr-key-08",1,0,visible,,"<strong>Description\n</strong>\n\n* Stylish &amp; Good Quality Keychain\n* Water Resistant, Wipe with a dry/damp cloth to clean. * All items are in kind photography due to the different light material or display may have a slight color difference.\n* Sturdy and eye-catching, Excellent product for personal use or for gifting.\nAmple branding area\n* Color: Brown with Gold",,,taxable,,1,,,0,0,,,,,0,,,,Keychains,,,"https://giftingdestiny.com/wp-content/uploads/2026/03/3-8.webp, https://giftingdestiny.com/wp-content/uploads/2026/03/2-9.webp, https://giftingdestiny.com/wp-content/uploads/2026/03/1-9.webp, https://giftingdestiny.com/wp-content/uploads/2026/03/3-8.webp",,,,,,,,,0,
